Type,num_part,num_dim,steps,warmup,alpha,omega,energy,kin_en,pot_en,acceptance_rate,time
sympleharmonic,10,3,100,10,2,1,11.8276,8.66055,3.16705,0.977778,0
sympleharmonic,10,3,100,10,2,1,9.53879,6.21915,3.31964,0.977778,0
sympleharmonic,10,3,100,10,2,1,-38.5963,-45.125,6.52864,0.977778,0
sympleharmonic,10,3,100,10,2,1,12.9273,9.83355,3.09374,0.855556,0
sympleharmonic,10,3,100,10,2,1,12.1694,9.02512,3.14426,0.855556,0
sympleharmonic,10,3,100,10,2,1,-31.8941,-37.976,6.08183,0.833333,0
sympleharmonic,10,3,100,10,2,1,28.5447,26.4921,2.05258,0.577778,0
sympleharmonic,10,3,100,10,2,1,18.0923,15.3429,2.7494,0.455556,0
sympleharmonic,10,3,100,10,2,1,-2.13287,-6.23061,4.09775,0.533333,0
sympleharmonic,10,3,100,10,2,1,18.8093,16.1077,2.7016,0.322222,0
sympleharmonic,10,3,100,10,2,1,15.1124,12.1644,2.94806,0.244444,0
sympleharmonic,10,3,100,10,2,1,6.81184,3.31041,3.50143,0.277778,0
sympleharmonic,10,3,1000,100,2,1,9.81288,6.47152,3.34136,0.984444,0
sympleharmonic,10,3,1000,100,2,1,9.61488,6.26032,3.35456,0.984444,0
sympleharmonic,10,3,1000,100,2,1,-39.0475,-45.6462,6.59872,0.975556,0
sympleharmonic,10,3,1000,100,2,1,16.6,13.7111,2.88889,0.864444,0
sympleharmonic,10,3,1000,100,2,1,30.0137,28.019,1.99464,0.888889,0
sympleharmonic,10,3,1000,100,2,1,4.53307,0.839722,3.69335,0.851111,0
sympleharmonic,10,3,1000,100,2,1,33.0757,31.2852,1.79051,0.487778,0
sympleharmonic,10,3,1000,100,2,1,30.5009,28.5387,1.96216,0.543333,0
sympleharmonic,10,3,1000,100,2,1,28.6119,26.5238,2.0881,0.496667,0
sympleharmonic,10,3,1000,100,2,1,30.4363,28.4698,1.96647,0.191111,0
sympleharmonic,10,3,1000,100,2,1,25.9019,23.6331,2.26877,0.247778,0
sympleharmonic,10,3,1000,100,2,1,30.6508,28.6986,1.95217,0.203333,0
sympleharmonic,10,3,10000,1000,2,1,9.4017,6.02893,3.37278,0.984667,5
sympleharmonic,10,3,10000,1000,2,1,3.88855,0.148226,3.74032,0.983333,5
sympleharmonic,10,3,10000,1000,2,1,-35.9865,-42.3851,6.39865,0.978222,5
sympleharmonic,10,3,10000,1000,2,1,31.8343,29.957,1.87727,0.889444,5
sympleharmonic,10,3,10000,1000,2,1,33.8834,32.1428,1.74066,0.889222,5
sympleharmonic,10,3,10000,1000,2,1,32.8151,31.0033,1.81188,0.887667,5
sympleharmonic,10,3,10000,1000,2,1,31.3373,29.4269,1.9104,0.496556,5
sympleharmonic,10,3,10000,1000,2,1,32.202,30.3492,1.85276,0.495333,5
sympleharmonic,10,3,10000,1000,2,1,32.1264,30.2686,1.8578,0.512222,5
sympleharmonic,10,3,10000,1000,2,1,31.8036,29.9243,1.87932,0.200667,5
sympleharmonic,10,3,10000,1000,2,1,32.1612,30.3057,1.85547,0.204444,5
sympleharmonic,10,3,10000,1000,2,1,30.9196,28.9814,1.93825,0.214556,5
sympleharmonic,10,3,100000,10000,2,1,19.3071,16.5943,2.71282,0.986744,52
sympleharmonic,10,3,100000,10000,2,1,25.5788,23.2841,2.2947,0.987478,50
sympleharmonic,10,3,100000,10000,2,1,1.89077,-1.98314,3.8739,0.985067,50
sympleharmonic,10,3,100000,10000,2,1,30.9554,29.0191,1.93626,0.890667,53
sympleharmonic,10,3,100000,10000,2,1,31.9369,30.066,1.87083,0.890489,51
sympleharmonic,10,3,100000,10000,2,1,30.7767,28.8285,1.94817,0.889822,51
sympleharmonic,10,3,100000,10000,2,1,31.5842,29.6898,1.89434,0.503522,53
sympleharmonic,10,3,100000,10000,2,1,31.4997,29.5997,1.89997,0.505711,55
sympleharmonic,10,3,100000,10000,2,1,31.5028,29.6031,1.89977,0.504167,53
sympleharmonic,10,3,100000,10000,2,1,31.6647,29.7757,1.88898,0.206656,54
sympleharmonic,10,3,100000,10000,2,1,32.2314,30.3802,1.8512,0.205367,55
sympleharmonic,10,3,100000,10000,2,1,32.0215,30.1563,1.86519,0.2049,53
sympleharmonic,10,3,1000000,100000,2,1,28.7724,26.6905,2.08184,0.988613,511
sympleharmonic,10,3,1000000,100000,2,1,33.0922,31.2984,1.79385,0.989596,516
sympleharmonic,10,3,1000000,100000,2,1,31.4187,29.5133,1.90541,0.989027,509
sympleharmonic,10,3,1000000,100000,2,1,32.1277,30.2695,1.85815,0.892262,516
sympleharmonic,10,3,1000000,100000,2,1,31.7064,29.8201,1.88624,0.891967,515
sympleharmonic,10,3,1000000,100000,2,1,31.6216,29.7297,1.89189,0.891571,522
sympleharmonic,10,3,1000000,100000,2,1,31.8835,30.0091,1.87443,0.505017,544
sympleharmonic,10,3,1000000,100000,2,1,31.8767,30.0018,1.87488,0.504771,538
sympleharmonic,10,3,1000000,100000,2,1,31.8576,29.9815,1.87615,0.505129,536
sympleharmonic,10,3,1000000,100000,2,1,31.7157,29.8301,1.88561,0.208267,547
sympleharmonic,10,3,1000000,100000,2,1,31.7723,29.8905,1.88184,0.207232,545
sympleharmonic,10,3,1000000,100000,2,1,31.9767,30.1085,1.86821,0.205932,543
sympleharmonic,10,3,10000000,1e+06,2,1,32.6279,30.8031,1.82481,0.989251,5087
sympleharmonic,10,3,10000000,1e+06,2,1,32.1698,30.3145,1.85534,0.989187,5079
sympleharmonic,10,3,10000000,1e+06,2,1,31.7721,29.8903,1.88186,0.989193,5424
sympleharmonic,10,3,10000000,1e+06,2,1,31.8865,30.0122,1.87424,0.892134,5584
sympleharmonic,10,3,10000000,1e+06,2,1,31.8703,29.9949,1.87532,0.892069,5300
sympleharmonic,10,3,10000000,1e+06,2,1,31.8929,30.019,1.87381,0.891856,5666
sympleharmonic,10,3,10000000,1e+06,2,1,31.8626,29.9868,1.87583,0.504946,5716
sympleharmonic,10,3,10000000,1e+06,2,1,31.8919,30.0181,1.87387,0.50529,5621
sympleharmonic,10,3,10000000,1e+06,2,1,31.8919,30.018,1.87387,0.504843,5447
sympleharmonic,10,3,10000000,1e+06,2,1,31.8856,30.0113,1.87429,0.207094,5435
sympleharmonic,10,3,100,10,1,1,20.1573,16.9875,3.16978,0.988889,0
sympleharmonic,10,3,100,10,1,1,15.2598,10.4575,4.80229,0.966667,0
sympleharmonic,10,3,100,10,1,1,17.78,13.8178,3.96221,0.988889,0
sympleharmonic,10,3,100,10,1,1,15.1468,10.3069,4.83995,0.988889,0
sympleharmonic,10,3,100,10,1,1,12.982,7.42038,5.56157,0.988889,0
sympleharmonic,10,3,100,10,1,1,14.8417,9.90001,4.94166,0.977778,0
sympleharmonic,10,3,100,10,1,1,10.1882,3.69542,6.49281,0.977778,0
sympleharmonic,10,3,100,10,1,1,17.5105,13.4585,4.05204,0.977778,0
sympleharmonic,10,3,100,10,1,1,14.5543,9.51681,5.03746,0.988889,0
sympleharmonic,10,3,100,10,1,1,10.0807,3.55209,6.52864,0.977778,0
sympleharmonic,10,3,100,10,1,1,19.9451,16.7045,3.24054,0.911111,0
sympleharmonic,10,3,100,10,1,1,15.5803,10.8848,4.69547,0.844444,0
sympleharmonic,10,3,100,10,1,1,18.0737,14.2094,3.86431,0.944444,0
sympleharmonic,10,3,100,10,1,1,15.4909,10.7657,4.72524,0.888889,0
sympleharmonic,10,3,100,10,1,1,13.4241,8.00987,5.4142,0.9,0
sympleharmonic,10,3,100,10,1,1,16.0911,11.5659,4.52518,0.9,0
sympleharmonic,10,3,100,10,1,1,9.73097,3.08574,6.64523,0.866667,0
sympleharmonic,10,3,100,10,1,1,18.6938,15.0362,3.65763,0.911111,0
sympleharmonic,10,3,100,10,1,1,14.9917,10.1,4.89166,0.944444,0
sympleharmonic,10,3,100,10,1,1,10.7565,4.45315,6.30338,0.888889,0
sympleharmonic,10,3,100,10,1,1,21.9098,19.3241,2.58563,0.677778,0
sympleharmonic,10,3,100,10,1,1,18.4372,14.6941,3.74314,0.533333,0
sympleharmonic,10,3,100,10,1,1,18.439,14.6964,3.74257,0.655556,0
sympleharmonic,10,3,100,10,1,1,16.1841,11.6899,4.49419,0.611111,0
sympleharmonic,10,3,100,10,1,1,15.1073,10.2542,4.85311,0.633333,0
sympleharmonic,10,3,100,10,1,1,14.9339,10.023,4.91092,0.677778,0
sympleharmonic,10,3,100,10,1,1,12.7105,7.05845,5.65205,0.6,0
sympleharmonic,10,3,100,10,1,1,18.6693,15.0036,3.66578,0.677778,0
sympleharmonic,10,3,100,10,1,1,17.4539,13.383,4.07091,0.655556,0
sympleharmonic,10,3,100,10,1,1,16.5566,12.1865,4.37004,0.588889,0
sympleharmonic,10,3,100,10,1,1,20.8471,17.9072,2.93986,0.377778,0
sympleharmonic,10,3,100,10,1,1,17.1702,13.0047,4.16548,0.322222,0
sympleharmonic,10,3,100,10,1,1,19.8881,16.6286,3.25951,0.388889,0
sympleharmonic,10,3,100,10,1,1,16.3859,11.959,4.42692,0.366667,0
sympleharmonic,10,3,100,10,1,1,16.6026,12.248,4.35467,0.4,0
sympleharmonic,10,3,100,10,1,1,17.4971,13.4405,4.05654,0.322222,0
sympleharmonic,10,3,100,10,1,1,13.2732,7.80876,5.46448,0.288889,0
sympleharmonic,10,3,100,10,1,1,17.962,14.0604,3.90157,0.388889,0
sympleharmonic,10,3,100,10,1,1,14.4587,9.38935,5.06933,0.4,0
sympleharmonic,10,3,100,10,1,1,15.785,11.1578,4.62721,0.433333,0
sympleharmonic,10,3,1000,100,1,1,19.8816,16.5199,3.3617,0.993333,0
sympleharmonic,10,3,1000,100,1,1,15.4891,10.6633,4.82584,0.992222,0
sympleharmonic,10,3,1000,100,1,1,18.0966,14.1398,3.9567,0.992222,0
sympleharmonic,10,3,1000,100,1,1,15.3442,10.4701,4.87415,0.988889,0
sympleharmonic,10,3,1000,100,1,1,12.4843,6.65685,5.82745,0.993333,0
sympleharmonic,10,3,1000,100,1,1,15.3283,10.4488,4.87947,0.99,0
sympleharmonic,10,3,1000,100,1,1,10.1462,3.53931,6.60684,0.985556,0
sympleharmonic,10,3,1000,100,1,1,18.2518,14.3468,3.90496,0.994444,0
sympleharmonic,10,3,1000,100,1,1,15.041,10.0658,4.97522,0.993333,0
sympleharmonic,10,3,1000,100,1,1,10.0694,3.43694,6.63243,0.985556,0
sympleharmonic,10,3,1000,100,1,1,16.9812,12.6527,4.32848,0.917778,0
sympleharmonic,10,3,1000,100,1,1,18.3691,14.5032,3.86586,0.921111,0
sympleharmonic,10,3,1000,100,1,1,18.4715,14.6398,3.83172,0.937778,0
sympleharmonic,10,3,1000,100,1,1,16.7034,12.2823,4.42108,0.92,0
sympleharmonic,10,3,1000,100,1,1,11.2362,4.99276,6.24348,0.911111,0
sympleharmonic,10,3,1000,100,1,1,19.2149,15.631,3.58391,0.934444,0
sympleharmonic,10,3,1000,100,1,1,11.4704,5.30504,6.16541,0.915556,0
sympleharmonic,10,3,1000,100,1,1,21.2904,18.3982,2.8921,0.936667,0
sympleharmonic,10,3,1000,100,1,1,19.3303,15.7849,3.54545,0.915556,0
sympleharmonic,10,3,1000,100,1,1,13.2708,7.70548,5.5653,0.898889,0
sympleharmonic,10,3,1000,100,1,1,20.1231,16.8419,3.28118,0.604444,0
sympleharmonic,10,3,1000,100,1,1,19.7655,16.3652,3.40037,0.631111,0
sympleharmonic,10,3,1000,100,1,1,17.5302,13.3847,4.14549,0.635556,0
sympleharmonic,10,3,1000,100,1,1,20.3619,17.1604,3.20158,0.656667,0
sympleharmonic,10,3,1000,100,1,1,17.7704,13.705,4.06541,0.628889,0
sympleharmonic,10,3,1000,100,1,1,18.6522,14.8807,3.77149,0.638889,0
sympleharmonic,10,3,1000,100,1,1,18.8622,15.1607,3.70149,0.648889,0
sympleharmonic,10,3,1000,100,1,1,17.4547,13.2841,4.17065,0.634444,0
sympleharmonic,10,3,1000,100,1,1,18.9379,15.2617,3.67625,0.632222,0
sympleharmonic,10,3,1000,100,1,1,18.5226,14.7079,3.81469,0.658889,0
sympleharmonic,10,3,1000,100,1,1,20.3645,17.1637,3.20073,0.317778,0
sympleharmonic,10,3,1000,100,1,1,20.8092,17.7567,3.05248,0.347778,0
sympleharmonic,10,3,1000,100,1,1,18.2745,14.3772,3.89737,0.36,0
sympleharmonic,10,3,1000,100,1,1,19.0486,15.4092,3.63936,0.365556,0
sympleharmonic,10,3,1000,100,1,1,19.159,15.5564,3.60257,0.351111,0
sympleharmonic,10,3,1000,100,1,1,18.0148,14.0309,3.98394,0.363333,0
sympleharmonic,10,3,1000,100,1,1,18.3132,14.4286,3.8845,0.371111,0
sympleharmonic,10,3,1000,100,1,1,18.7753,15.0448,3.73047,0.337778,0
sympleharmonic,10,3,1000,100,1,1,18.521,14.7058,3.81521,0.357778,0
sympleharmonic,10,3,1000,100,1,1,19.7885,16.3958,3.39273,0.334444,0
sympleharmonic,10,3,10000,1000,1,1,19.1651,15.5545,3.61054,0.991667,5
sympleharmonic,10,3,10000,1000,1,1,15.8234,11.099,4.72442,0.990222,5
sympleharmonic,10,3,10000,1000,1,1,17.865,13.8212,4.04387,0.992222,5
sympleharmonic,10,3,10000,1000,1,1,16.8231,12.4319,4.3912,0.992222,5
sympleharmonic,10,3,10000,1000,1,1,12.7845,7.04715,5.73738,0.991111,5
sympleharmonic,10,3,10000,1000,1,1,15.23,10.3078,4.92221,0.991,5
sympleharmonic,10,3,10000,1000,1,1,7.07511,-0.565408,7.64052,0.991222,5
sympleharmonic,10,3,10000,1000,1,1,18.0998,14.1342,3.96561,0.990889,5
sympleharmonic,10,3,10000,1000,1,1,15.4739,10.633,4.84091,0.993444,5
sympleharmonic,10,3,10000,1000,1,1,9.43395,2.57972,6.85424,0.987889,5
sympleharmonic,10,3,10000,1000,1,1,18.6606,14.8819,3.77869,0.920444,8
sympleharmonic,10,3,10000,1000,1,1,16.7195,12.2938,4.42572,0.917111,11
sympleharmonic,10,3,10000,1000,1,1,17.0026,12.6713,4.33134,0.925222,5
sympleharmonic,10,3,10000,1000,1,1,18.6743,14.9002,3.77412,0.927111,5
sympleharmonic,10,3,10000,1000,1,1,17.8363,13.7828,4.05347,0.920889,5
sympleharmonic,10,3,10000,1000,1,1,18.2739,14.3664,3.90757,0.915667,5
sympleharmonic,10,3,10000,1000,1,1,17.2459,12.9957,4.25025,0.918889,5
sympleharmonic,10,3,10000,1000,1,1,19.2982,15.7321,3.56614,0.922556,5
sympleharmonic,10,3,10000,1000,1,1,19.3416,15.7899,3.55169,0.929111,5
sympleharmonic,10,3,10000,1000,1,1,18.8543,15.1402,3.71412,0.922222,5
sympleharmonic,10,3,10000,1000,1,1,18.4732,14.6321,3.84115,0.627778,5
sympleharmonic,10,3,10000,1000,1,1,18.1277,14.1714,3.95631,0.635222,6
sympleharmonic,10,3,10000,1000,1,1,18.6672,14.8907,3.77649,0.633889,5
sympleharmonic,10,3,10000,1000,1,1,18.757,15.0104,3.74657,0.641,5
sympleharmonic,10,3,10000,1000,1,1,18.6612,14.8827,3.77849,0.630556,5
sympleharmonic,10,3,10000,1000,1,1,18.4496,14.6006,3.84901,0.632222,5
sympleharmonic,10,3,10000,1000,1,1,19.019,15.3597,3.65923,0.634222,5
sympleharmonic,10,3,10000,1000,1,1,18.0524,14.071,3.98141,0.631,5
sympleharmonic,10,3,10000,1000,1,1,18.3961,14.5293,3.86685,0.632556,5
sympleharmonic,10,3,10000,1000,1,1,18.7753,15.0348,3.74047,0.641111,5
sympleharmonic,10,3,10000,1000,1,1,18.9676,15.2912,3.67636,0.35,5
sympleharmonic,10,3,10000,1000,1,1,18.8689,15.1597,3.70925,0.359333,5
sympleharmonic,10,3,10000,1000,1,1,19.1076,15.478,3.62968,0.350222,5
sympleharmonic,10,3,10000,1000,1,1,19.2532,15.672,3.58116,0.35,5
sympleharmonic,10,3,10000,1000,1,1,18.5729,14.765,3.80791,0.349667,5
sympleharmonic,10,3,10000,1000,1,1,18.8687,15.1594,3.70931,0.348222,5
sympleharmonic,10,3,10000,1000,1,1,18.7542,15.0068,3.74747,0.353889,5
sympleharmonic,10,3,10000,1000,1,1,18.4045,14.5404,3.86407,0.346778,5
sympleharmonic,10,3,10000,1000,1,1,18.8935,15.1925,3.70104,0.356111,5
sympleharmonic,10,3,10000,1000,1,1,18.7416,14.9899,3.75168,0.363667,5
sympleharmonic,10,3,100000,10000,1,1,17.5182,13.3578,4.16048,0.991611,51
sympleharmonic,10,3,100000,10000,1,1,16.8793,12.5059,4.37344,0.992233,51
sympleharmonic,10,3,100000,10000,1,1,16.2361,11.6482,4.58786,0.990811,50
sympleharmonic,10,3,100000,10000,1,1,19.4957,15.9944,3.50132,0.992211,50
sympleharmonic,10,3,100000,10000,1,1,13.8489,8.46533,5.38358,0.991133,51
sympleharmonic,10,3,100000,10000,1,1,16.2387,11.6517,4.58698,0.991233,50
sympleharmonic,10,3,100000,10000,1,1,11.187,4.91608,6.2709,0.989978,50
sympleharmonic,10,3,100000,10000,1,1,16.2672,11.6898,4.57747,0.991967,51
sympleharmonic,10,3,100000,10000,1,1,16.525,12.0334,4.49156,0.992,50
sympleharmonic,10,3,100000,10000,1,1,11.5245,5.36607,6.1584,0.990233,50
sympleharmonic,10,3,100000,10000,1,1,18.2321,14.3095,3.92254,0.922056,51
sympleharmonic,10,3,100000,10000,1,1,18.5519,14.736,3.81591,0.923233,51
sympleharmonic,10,3,100000,10000,1,1,18.7979,15.064,3.73391,0.923422,51
sympleharmonic,10,3,100000,10000,1,1,19.2766,15.7022,3.57437,0.9255,51
sympleharmonic,10,3,100000,10000,1,1,18.4762,14.6351,3.84114,0.9237,51
sympleharmonic,10,3,100000,10000,1,1,18.7954,15.0606,3.73476,0.924911,51
sympleharmonic,10,3,100000,10000,1,1,18.81,15.0801,3.7299,0.923389,52
sympleharmonic,10,3,100000,10000,1,1,18.6544,14.8727,3.78175,0.924322,51
sympleharmonic,10,3,100000,10000,1,1,18.9878,15.3171,3.67064,0.9239,51
sympleharmonic,10,3,100000,10000,1,1,18.0911,14.1215,3.96954,0.921122,51
sympleharmonic,10,3,100000,10000,1,1,18.4074,14.5433,3.8641,0.632422,54
sympleharmonic,10,3,100000,10000,1,1,18.6773,14.9032,3.77413,0.634522,58
sympleharmonic,10,3,100000,10000,1,1,18.8675,15.1568,3.71071,0.635111,54
sympleharmonic,10,3,100000,10000,1,1,18.8609,15.1479,3.71293,0.632289,58
sympleharmonic,10,3,100000,10000,1,1,18.7814,15.042,3.73941,0.634178,55
sympleharmonic,10,3,100000,10000,1,1,18.9506,15.2675,3.68303,0.632756,53
sympleharmonic,10,3,100000,10000,1,1,18.6349,14.8466,3.78826,0.633867,52
sympleharmonic,10,3,100000,10000,1,1,18.6915,14.9222,3.76937,0.634911,69
sympleharmonic,10,3,100000,10000,1,1,18.7436,14.9916,3.75202,0.633456,58
sympleharmonic,10,3,100000,10000,1,1,18.6657,14.8877,3.778,0.6309,60
sympleharmonic,10,3,100000,10000,1,1,18.6887,14.9184,3.77032,0.351711,60
sympleharmonic,10,3,100000,10000,1,1,18.7995,15.0661,3.73339,0.3552,65
sympleharmonic,10,3,100000,10000,1,1,18.7465,14.9954,3.75107,0.352667,55
sympleharmonic,10,3,100000,10000,1,1,18.84,15.1202,3.71987,0.352144,59
sympleharmonic,10,3,100000,10000,1,1,18.6981,14.9309,3.7672,0.355,55
sympleharmonic,10,3,100000,10000,1,1,19.0224,15.3633,3.65908,0.353611,60
sympleharmonic,10,3,100000,10000,1,1,18.7051,14.9402,3.76487,0.354522,63
sympleharmonic,10,3,100000,10000,1,1,18.6518,14.8691,3.78263,0.358089,57
sympleharmonic,10,3,100000,10000,1,1,18.5896,14.7862,3.80337,0.354256,64
sympleharmonic,10,3,100000,10000,1,1,18.5565,14.7422,3.81437,0.3556,57
sympleharmonic,10,3,1000000,100000,1,1,16.0988,11.465,4.63374,0.991557,583
sympleharmonic,10,3,1000000,100000,1,1,17.3102,13.0803,4.22992,0.991807,561
sympleharmonic,10,3,1000000,100000,1,1,18.5251,14.7001,3.82497,0.99219,572
sympleharmonic,10,3,1000000,100000,1,1,18.6561,14.8748,3.78128,0.992329,538
sympleharmonic,10,3,1000000,100000,1,1,18.2181,14.2908,3.92729,0.992102,604
sympleharmonic,10,3,1000000,100000,1,1,15.9637,11.285,4.67875,0.991439,520
sympleharmonic,10,3,1000000,100000,1,1,17.4008,13.201,4.19973,0.991853,521
sympleharmonic,10,3,1000000,100000,1,1,18.4638,14.6184,3.8454,0.992236,525
sympleharmonic,10,3,1000000,100000,1,1,18.7268,14.9691,3.75771,0.992409,519
sympleharmonic,10,3,1000000,100000,1,1,18.7756,15.0341,3.74146,0.992447,524
sympleharmonic,10,3,1000000,100000,1,1,18.8484,15.1313,3.71717,0.923656,514
sympleharmonic,10,3,1000000,100000,1,1,18.5493,14.7324,3.81689,0.922826,519
sympleharmonic,10,3,1000000,100000,1,1,18.9448,15.2597,3.68507,0.923939,540
sympleharmonic,10,3,1000000,100000,1,1,18.6128,14.8171,3.79571,0.923433,512
sympleharmonic,10,3,1000000,100000,1,1,18.8328,15.1104,3.72239,0.923901,520
sympleharmonic,10,3,1000000,100000,1,1,18.6905,14.9207,3.76983,0.923481,585
sympleharmonic,10,3,1000000,100000,1,1,18.6395,14.8527,3.78682,0.922239,522
sympleharmonic,10,3,1000000,100000,1,1,18.6831,14.9108,3.7723,0.922926,535
sympleharmonic,10,3,1000000,100000,1,1,18.6565,14.8754,3.78115,0.922906,518
sympleharmonic,10,3,1000000,100000,1,1,18.5622,14.7495,3.8126,0.923161,535
sympleharmonic,10,3,1000000,100000,1,1,18.7696,15.0262,3.74345,0.633989,540
sympleharmonic,10,3,1000000,100000,1,1,18.7465,14.9953,3.75116,0.633477,530
sympleharmonic,10,3,1000000,100000,1,1,18.7532,15.0042,3.74894,0.634206,529
sympleharmonic,10,3,1000000,100000,1,1,18.8278,15.1038,3.72404,0.634401,538
sympleharmonic,10,3,1000000,100000,1,1,18.8312,15.1083,3.72291,0.635249,527
sympleharmonic,10,3,1000000,100000,1,1,18.7054,14.9406,3.76485,0.633796,532
sympleharmonic,10,3,1000000,100000,1,1,18.7594,15.0126,3.74685,0.633621,533
sympleharmonic,10,3,1000000,100000,1,1,18.7696,15.0261,3.74346,0.63401,544
sympleharmonic,10,3,1000000,100000,1,1,18.7639,15.0186,3.74535,0.633631,537
sympleharmonic,10,3,1000000,100000,1,1,18.7716,15.0287,3.7428,0.634253,534
sympleharmonic,10,3,1000000,100000,1,1,18.7559,15.0079,3.74802,0.35436,545
sympleharmonic,10,3,1000000,100000,1,1,18.779,15.0387,3.74033,0.353128,544
sympleharmonic,10,3,1000000,100000,1,1,18.7846,15.0461,3.73847,0.353923,544
sympleharmonic,10,3,1000000,100000,1,1,18.7583,15.0111,3.74721,0.35474,537
sympleharmonic,10,3,1000000,100000,1,1,18.7876,15.0502,3.73744,0.355774,549
sympleharmonic,10,3,1000000,100000,1,1,18.7262,14.9683,3.75793,0.354517,541
sympleharmonic,10,3,1000000,100000,1,1,18.7666,15.0221,3.74447,0.354598,543
sympleharmonic,10,3,1000000,100000,1,1,18.7631,15.0175,3.74562,0.354359,554
sympleharmonic,10,3,1000000,100000,1,1,18.7565,15.0087,3.74781,0.353874,541
sympleharmonic,10,3,1000000,100000,1,1,18.778,15.0374,3.74065,0.353584,541
sympleharmonic,10,3,10000000,1e+06,1,1,19.2218,15.6291,3.59274,0.992428,5134
sympleharmonic,10,3,10000000,1e+06,1,1,18.6559,14.8745,3.78138,0.992312,5091
sympleharmonic,10,3,10000000,1e+06,1,1,19.4063,15.8751,3.53122,0.992555,5238
sympleharmonic,10,3,10000000,1e+06,1,1,18.879,15.172,3.70699,0.99237,5239
sympleharmonic,10,3,10000000,1e+06,1,1,18.7931,15.0575,3.73563,0.992368,5440
sympleharmonic,10,3,10000000,1e+06,1,1,18.2538,14.3383,3.91542,0.992151,5606
sympleharmonic,10,3,10000000,1e+06,1,1,19.1694,15.5592,3.6102,0.9925,5267
sympleharmonic,10,3,10000000,1e+06,1,1,18.0634,14.0846,3.97886,0.992096,5065
sympleharmonic,10,3,10000000,1e+06,1,1,18.8419,15.1225,3.71936,0.99237,5114
sympleharmonic,10,3,10000000,1e+06,1,1,18.7771,15.0362,3.74095,0.992385,5230
sympleharmonic,10,3,10000000,1e+06,1,1,18.7544,15.0059,3.74852,0.923642,5676
sympleharmonic,10,3,10000000,1e+06,1,1,18.7176,14.9568,3.7608,0.923398,5502
sympleharmonic,10,3,10000000,1e+06,1,1,18.8009,15.0679,3.73302,0.923632,5355
sympleharmonic,10,3,10000000,1e+06,1,1,18.704,14.9386,3.76535,0.923343,5192
sympleharmonic,10,3,10000000,1e+06,1,1,18.7288,14.9717,3.75706,0.923463,5165
sympleharmonic,10,3,10000000,1e+06,1,1,18.7139,14.9519,3.76203,0.923385,5116
sympleharmonic,10,3,10000000,1e+06,1,1,18.7769,15.0358,3.74105,0.923527,5219
sympleharmonic,10,3,10000000,1e+06,1,1,18.7679,15.0239,3.74402,0.923577,5417
sympleharmonic,10,3,10000000,1e+06,1,1,18.7033,14.9377,3.76558,0.923278,5164
sympleharmonic,10,3,10000000,1e+06,1,1,18.7703,15.0271,3.74322,0.923488,5139
sympleharmonic,10,3,10000000,1e+06,1,1,18.7381,14.9842,3.75396,0.634342,5460
sympleharmonic,10,3,10000000,1e+06,1,1,18.7658,15.0211,3.74473,0.634229,5400
sympleharmonic,10,3,10000000,1e+06,1,1,18.7524,15.0032,3.7492,0.634321,5458
sympleharmonic,10,3,10000000,1e+06,1,1,18.7502,15.0002,3.74995,0.633974,5397
sympleharmonic,10,3,10000000,1e+06,1,1,18.755,15.0066,3.74834,0.634214,5280
sympleharmonic,10,3,10000000,1e+06,1,1,18.7454,14.9939,3.75153,0.634111,5322
sympleharmonic,10,3,10000000,1e+06,1,1,18.753,15.0041,3.74898,0.634189,5320
sympleharmonic,10,3,10000000,1e+06,1,1,18.7349,14.9799,3.75502,0.634314,5625
sympleharmonic,10,3,10000000,1e+06,1,1,18.7443,14.9925,3.75189,0.634132,6047
sympleharmonic,10,3,10000000,1e+06,1,1,18.7351,14.9801,3.75496,0.634122,5436
sympleharmonic,10,3,10000000,1e+06,1,1,18.7495,14.9994,3.75016,0.354734,5644
sympleharmonic,10,3,10000000,1e+06,1,1,18.746,14.9947,3.75134,0.354941,5682
sympleharmonic,10,3,10000000,1e+06,1,1,18.751,15.0013,3.74966,0.354877,5573
sympleharmonic,10,3,10000000,1e+06,1,1,18.7516,15.0021,3.74947,0.35467,5862
sympleharmonic,10,3,10000000,1e+06,1,1,18.7506,15.0008,3.74979,0.354724,5519
sympleharmonic,10,3,10000000,1e+06,1,1,18.7613,15.015,3.74624,0.354595,5413
sympleharmonic,10,3,10000000,1e+06,1,1,18.7662,15.0216,3.7446,0.354351,5421
sympleharmonic,10,3,10000000,1e+06,1,1,18.7448,14.993,3.75174,0.354315,5378
sympleharmonic,10,3,10000000,1e+06,1,1,18.7451,14.9935,3.75162,0.354775,5443
sympleharmonic,10,3,10000000,1e+06,1,1,18.7571,15.0095,3.74762,0.354348,5378
sympleharmonic,10,3,100,10,1,1,18.5247,14.8107,3.71399,0.988889,0
sympleharmonic,10,3,100,10,1,1,14.9652,10.0647,4.9005,0.988889,0
sympleharmonic,10,3,100,10,1,1,18.2189,14.403,3.81591,0.988889,0
sympleharmonic,10,3,100,10,1,1,15.2482,10.4421,4.80615,0.977778,0
sympleharmonic,10,3,100,10,1,1,13.9715,8.73984,5.23171,0.988889,0
sympleharmonic,10,3,100,10,1,1,13.8259,8.54569,5.28024,0.988889,0
sympleharmonic,10,3,100,10,1,1,12.3186,6.53597,5.78267,0.988889,0
sympleharmonic,10,3,100,10,1,1,17.4898,13.4308,4.05897,0.988889,0
sympleharmonic,10,3,100,10,1,1,15.3036,10.5159,4.7877,0.988889,0
sympleharmonic,10,3,100,10,1,1,11.4324,5.35437,6.07807,0.988889,0
sympleharmonic,10,3,100,10,1,1,14.9693,10.0702,4.89913,0.933333,0
sympleharmonic,10,3,100,10,1,1,18.9006,15.3119,3.58869,0.933333,0
sympleharmonic,10,3,100,10,1,1,16.228,11.7485,4.47955,0.933333,0
sympleharmonic,10,3,100,10,1,1,17.7451,13.7713,3.97384,0.966667,0
sympleharmonic,10,3,100,10,1,1,17.3251,13.2112,4.11387,0.944444,0
sympleharmonic,10,3,100,10,1,1,17.6591,13.6565,4.00253,0.922222,0
sympleharmonic,10,3,100,10,1,1,17.2479,13.1083,4.1396,0.888889,0
sympleharmonic,10,3,100,10,1,1,19.1437,15.6361,3.50765,0.966667,0
sympleharmonic,10,3,100,10,1,1,17.0295,12.8172,4.21238,0.977778,0
sympleharmonic,10,3,100,10,1,1,14.8554,9.91829,4.93709,0.955556,0
sympleharmonic,10,3,100,10,1,1,20.3581,17.2553,3.10284,0.4,0
sympleharmonic,10,3,100,10,1,1,17.416,13.3325,4.08354,0.633333,0
sympleharmonic,10,3,100,10,1,1,18.7678,15.1349,3.63294,0.622222,0
sympleharmonic,10,3,100,10,1,1,18.9493,15.3769,3.57245,0.5,0
sympleharmonic,10,3,100,10,1,1,15.3835,10.6224,4.76106,0.655556,0
sympleharmonic,10,3,100,10,1,1,15.9843,11.4235,4.56078,0.522222,0
sympleharmonic,10,3,100,10,1,1,19.1214,15.6063,3.51508,0.611111,0
sympleharmonic,10,3,100,10,1,1,18.6853,15.0248,3.66047,0.611111,0
sympleharmonic,10,3,100,10,1,1,17.7108,13.7256,3.98527,0.577778,0
sympleharmonic,10,3,100,10,1,1,19.5935,16.2358,3.35771,0.422222,0
sympleharmonic,10,3,100,10,1,1,22.5969,20.2403,2.3566,0.0555556,0
sympleharmonic,10,3,100,10,1,1,14.6445,9.63712,5.00739,0.233333,0
sympleharmonic,10,3,100,10,1,1,19.309,15.8565,3.45254,0.111111,0
sympleharmonic,10,3,100,10,1,1,17.7154,13.7316,3.98376,0.222222,0
sympleharmonic,10,3,100,10,1,1,13.0858,7.55882,5.52696,0.177778,0
sympleharmonic,10,3,100,10,1,1,19.4999,16.111,3.38891,0.122222,0
sympleharmonic,10,3,100,10,1,1,18.1614,14.3263,3.8351,0.222222,0
sympleharmonic,10,3,100,10,1,1,15.9455,11.3718,4.57373,0.155556,0
sympleharmonic,10,3,100,10,1,1,16.4346,12.0239,4.4107,0.155556,0
sympleharmonic,10,3,100,10,1,1,13.2245,7.74378,5.48072,0.211111,0
sympleharmonic,10,3,1000,100,1,1,13.8622,8.49401,5.36816,0.996667,0
sympleharmonic,10,3,1000,100,1,1,20.202,16.9471,3.2549,0.998889,0
sympleharmonic,10,3,1000,100,1,1,19.4936,16.0026,3.49102,0.996667,0
sympleharmonic,10,3,1000,100,1,1,19.2045,15.6171,3.5874,0.998889,0
sympleharmonic,10,3,1000,100,1,1,16.1149,11.4977,4.61724,0.998889,0
sympleharmonic,10,3,1000,100,1,1,16.3647,11.8307,4.53398,0.995556,0
sympleharmonic,10,3,1000,100,1,1,19.3525,15.8144,3.53806,0.995556,0
sympleharmonic,10,3,1000,100,1,1,20.1916,16.9333,3.25835,0.996667,0
sympleharmonic,10,3,1000,100,1,1,19.6251,16.1779,3.4472,0.998889,0
sympleharmonic,10,3,1000,100,1,1,17.7703,13.7048,4.06546,0.996667,0
sympleharmonic,10,3,1000,100,1,1,18.3418,14.4669,3.87495,0.952222,0
sympleharmonic,10,3,1000,100,1,1,19.7196,16.3039,3.41569,0.97,0
sympleharmonic,10,3,1000,100,1,1,19.078,15.4485,3.62955,0.958889,0
sympleharmonic,10,3,1000,100,1,1,19.971,16.6391,3.3319,0.968889,0
sympleharmonic,10,3,1000,100,1,1,18.2376,14.3279,3.9097,0.966667,0
sympleharmonic,10,3,1000,100,1,1,19.0525,15.4144,3.63805,0.96,0
sympleharmonic,10,3,1000,100,1,1,18.4227,14.5748,3.84798,0.957778,0
sympleharmonic,10,3,1000,100,1,1,19.9538,16.6161,3.33764,0.954444,0
sympleharmonic,10,3,1000,100,1,1,19.447,15.9404,3.50656,0.973333,0
sympleharmonic,10,3,1000,100,1,1,19.4742,15.9767,3.4975,0.965556,0
sympleharmonic,10,3,1000,100,1,1,18.3357,14.4587,3.87699,0.587778,0
sympleharmonic,10,3,1000,100,1,1,19.1332,15.522,3.61117,0.601111,0
sympleharmonic,10,3,1000,100,1,1,18.4052,14.5514,3.85382,0.602222,0
sympleharmonic,10,3,1000,100,1,1,19.1308,15.5189,3.61195,0.581111,0
sympleharmonic,10,3,1000,100,1,1,18.6624,14.8943,3.76809,0.558889,1
sympleharmonic,10,3,1000,100,1,1,18.5939,14.803,3.79093,0.583333,0
sympleharmonic,10,3,1000,100,1,1,19.4985,16.0091,3.48938,0.552222,0
sympleharmonic,10,3,1000,100,1,1,18.852,15.1471,3.70488,0.59,0
sympleharmonic,10,3,1000,100,1,1,19.2046,15.6173,3.58735,0.595556,0
sympleharmonic,10,3,1000,100,1,1,18.8607,15.1587,3.702,0.603333,0
sympleharmonic,10,3,1000,100,1,1,19.2718,15.7068,3.56497,0.174444,1
sympleharmonic,10,3,1000,100,1,1,17.3777,13.1813,4.19633,0.204444,0
sympleharmonic,10,3,1000,100,1,1,18.6714,14.9064,3.76507,0.17,1
sympleharmonic,10,3,1000,100,1,1,18.6497,14.8773,3.77234,0.188889,1
sympleharmonic,10,3,1000,100,1,1,17.3417,13.1334,4.20831,0.211111,0
sympleharmonic,10,3,1000,100,1,1,16.3585,11.8224,4.53606,0.183333,0
sympleharmonic,10,3,1000,100,1,1,20.2394,16.9969,3.24244,0.154444,1
sympleharmonic,10,3,1000,100,1,1,18.8552,15.1513,3.70383,0.195556,0
sympleharmonic,10,3,1000,100,1,1,18.0533,14.0821,3.97113,0.156667,1
sympleharmonic,10,3,1000,100,1,1,19.5821,16.1206,3.46152,0.174444,1
sympleharmonic,10,3,10000,1000,1,1,19.3915,15.8564,3.53506,0.998889,9
sympleharmonic,10,3,10000,1000,1,1,19.3819,15.8437,3.53825,0.998778,9
sympleharmonic,10,3,10000,1000,1,1,19.4672,15.9574,3.50983,0.999,9
sympleharmonic,10,3,10000,1000,1,1,19.1673,15.5575,3.60979,0.998889,9
sympleharmonic,10,3,10000,1000,1,1,18.763,15.0184,3.74456,0.998333,9
sympleharmonic,10,3,10000,1000,1,1,19.1561,15.5426,3.61353,0.998444,9
sympleharmonic,10,3,10000,1000,1,1,18.9372,15.2507,3.68648,0.998778,9
sympleharmonic,10,3,10000,1000,1,1,18.674,14.8998,3.77421,0.998778,19
sympleharmonic,10,3,10000,1000,1,1,18.8678,15.1582,3.70961,0.998222,9
sympleharmonic,10,3,10000,1000,1,1,18.2254,14.3016,3.92376,0.998,9
sympleharmonic,10,3,10000,1000,1,1,18.8702,15.1613,3.70883,0.959444,10
sympleharmonic,10,3,10000,1000,1,1,18.4426,14.5912,3.85136,0.958778,9
sympleharmonic,10,3,10000,1000,1,1,18.9844,15.3137,3.67074,0.956111,9
sympleharmonic,10,3,10000,1000,1,1,18.5639,14.7529,3.81093,0.961333,9
sympleharmonic,10,3,10000,1000,1,1,18.94,15.2544,3.68557,0.96,9
sympleharmonic,10,3,10000,1000,1,1,18.7479,14.9983,3.74958,0.960333,9
sympleharmonic,10,3,10000,1000,1,1,18.5921,14.7906,3.80152,0.959556,9
sympleharmonic,10,3,10000,1000,1,1,18.5068,14.6768,3.82996,0.959778,9
sympleharmonic,10,3,10000,1000,1,1,18.4401,14.5879,3.8522,0.958,9
sympleharmonic,10,3,10000,1000,1,1,18.7229,14.965,3.75793,0.959889,9
sympleharmonic,10,3,10000,1000,1,1,18.9928,15.3249,3.66795,0.579222,9
sympleharmonic,10,3,10000,1000,1,1,18.8532,15.1387,3.7145,0.576222,9
sympleharmonic,10,3,10000,1000,1,1,18.6033,14.8055,3.79779,0.588889,9
sympleharmonic,10,3,10000,1000,1,1,18.7143,14.9536,3.76078,0.584333,9
sympleharmonic,10,3,10000,1000,1,1,18.4292,14.5734,3.85581,0.597778,9
sympleharmonic,10,3,10000,1000,1,1,18.3626,14.4846,3.87801,0.598889,9
sympleharmonic,10,3,10000,1000,1,1,18.9373,15.2508,3.68646,0.574556,9
sympleharmonic,10,3,10000,1000,1,1,18.6678,14.8916,3.77627,0.590889,9
sympleharmonic,10,3,10000,1000,1,1,18.2444,14.3269,3.91743,0.594667,9
sympleharmonic,10,3,10000,1000,1,1,18.7051,14.9412,3.76387,0.589,9
sympleharmonic,10,3,10000,1000,1,1,18.4507,14.6021,3.84864,0.189111,9
sympleharmonic,10,3,10000,1000,1,1,18.9239,15.233,3.69092,0.179,9
sympleharmonic,10,3,10000,1000,1,1,19.5563,16.0762,3.48013,0.181,9
sympleharmonic,10,3,10000,1000,1,1,18.7242,14.9667,3.7575,0.181333,9
sympleharmonic,10,3,10000,1000,1,1,18.7943,15.0601,3.73413,0.185,9
sympleharmonic,10,3,10000,1000,1,1,18.8242,15.1,3.72416,0.181,9
sympleharmonic,10,3,10000,1000,1,1,19.0976,15.4646,3.63302,0.181111,9
sympleharmonic,10,3,10000,1000,1,1,18.9244,15.2336,3.69076,0.185111,9
sympleharmonic,10,3,10000,1000,1,1,18.4722,14.6307,3.84149,0.178778,9
sympleharmonic,10,3,10000,1000,1,1,18.494,14.6598,3.83421,0.179778,10
sympleharmonic,10,3,100000,10000,1,1,18.9291,15.239,3.69017,0.998689,93
sympleharmonic,10,3,100000,10000,1,1,18.5879,14.784,3.80393,0.998622,94
sympleharmonic,10,3,100000,10000,1,1,18.9673,15.2898,3.67746,0.998622,95
sympleharmonic,10,3,100000,10000,1,1,18.7068,14.9426,3.76428,0.998778,94
sympleharmonic,10,3,100000,10000,1,1,18.8729,15.164,3.70891,0.998622,92
sympleharmonic,10,3,100000,10000,1,1,18.5649,14.7533,3.81158,0.998311,93
sympleharmonic,10,3,100000,10000,1,1,19.0892,15.4524,3.63681,0.998733,96
sympleharmonic,10,3,100000,10000,1,1,18.4431,14.5909,3.8522,0.998656,93
sympleharmonic,10,3,100000,10000,1,1,18.763,15.0174,3.74557,0.998356,99
sympleharmonic,10,3,100000,10000,1,1,18.5852,14.7803,3.80484,0.998622,93
sympleharmonic,10,3,100000,10000,1,1,18.8326,15.1102,3.72236,0.959789,93
sympleharmonic,10,3,100000,10000,1,1,18.7177,14.9571,3.76064,0.959056,93
sympleharmonic,10,3,100000,10000,1,1,18.7388,14.9852,3.75361,0.959156,94
sympleharmonic,10,3,100000,10000,1,1,18.8305,15.1075,3.72305,0.959978,93
sympleharmonic,10,3,100000,10000,1,1,18.7506,15.0009,3.7497,0.959811,93
sympleharmonic,10,3,100000,10000,1,1,18.8015,15.0688,3.73271,0.9588,93
sympleharmonic,10,3,100000,10000,1,1,18.7333,14.9778,3.75547,0.960189,94
sympleharmonic,10,3,100000,10000,1,1,18.6236,14.8316,3.79203,0.961189,94
sympleharmonic,10,3,100000,10000,1,1,18.7549,15.0066,3.74827,0.959,93
sympleharmonic,10,3,100000,10000,1,1,18.7748,15.0331,3.74163,0.9591,93
sympleharmonic,10,3,100000,10000,1,1,18.7468,14.9958,3.75096,0.582833,95
sympleharmonic,10,3,100000,10000,1,1,18.6886,14.9182,3.77037,0.585889,95
sympleharmonic,10,3,100000,10000,1,1,18.6731,14.8975,3.77553,0.585667,98
sympleharmonic,10,3,100000,10000,1,1,18.77,15.0267,3.74324,0.583256,95
sympleharmonic,10,3,100000,10000,1,1,18.6633,14.8845,3.77879,0.582844,97
sympleharmonic,10,3,100000,10000,1,1,18.764,15.0188,3.74523,0.585233,95
sympleharmonic,10,3,100000,10000,1,1,18.6723,14.8965,3.77579,0.583922,95
sympleharmonic,10,3,100000,10000,1,1,18.7339,14.9786,3.75526,0.580856,95
sympleharmonic,10,3,100000,10000,1,1,18.7241,14.9656,3.75853,0.585278,98
sympleharmonic,10,3,100000,10000,1,1,18.7523,15.0032,3.74912,0.585544,95
sympleharmonic,10,3,100000,10000,1,1,18.8276,15.1036,3.72402,0.180556,97
sympleharmonic,10,3,100000,10000,1,1,18.7938,15.0585,3.73529,0.181944,98
sympleharmonic,10,3,100000,10000,1,1,18.714,14.9521,3.76189,0.180233,97
sympleharmonic,10,3,100000,10000,1,1,18.825,15.1001,3.7249,0.183522,97
sympleharmonic,10,3,100000,10000,1,1,18.4545,14.6061,3.84839,0.183889,97
sympleharmonic,10,3,100000,10000,1,1,18.8327,15.1104,3.72231,0.182433,97
sympleharmonic,10,3,100000,10000,1,1,18.782,15.0428,3.73922,0.181389,97
sympleharmonic,10,3,100000,10000,1,1,18.6514,14.8686,3.78277,0.182256,97
sympleharmonic,10,3,100000,10000,1,1,18.6878,14.9172,3.77061,0.182133,97
sympleharmonic,10,3,100000,10000,1,1,18.6847,14.9131,3.77165,0.183967,97
sympleharmonic,10,3,1000000,100000,1,1,18.7863,15.0484,3.73789,0.998747,932
sympleharmonic,10,3,1000000,100000,1,1,18.7302,14.9737,3.75658,0.998708,952
sympleharmonic,10,3,1000000,100000,1,1,18.7217,14.9623,3.75943,0.998676,940
sympleharmonic,10,3,1000000,100000,1,1,18.7658,15.021,3.74473,0.998781,949
sympleharmonic,10,3,1000000,100000,1,1,18.83,15.1066,3.72333,0.998773,951
sympleharmonic,10,3,1000000,100000,1,1,18.8222,15.0962,3.72594,0.998699,941
sympleharmonic,10,3,1000000,100000,1,1,18.7487,14.9982,3.75043,0.998726,931
sympleharmonic,10,3,1000000,100000,1,1,18.6662,14.8883,3.77791,0.998706,945
sympleharmonic,10,3,1000000,100000,1,1,18.7792,15.0389,3.74027,0.998769,943
sympleharmonic,10,3,1000000,100000,1,1,18.6155,14.8207,3.79481,0.998711,949
sympleharmonic,10,3,1000000,100000,1,1,18.7433,14.9911,3.75222,0.95971,939
sympleharmonic,10,3,1000000,100000,1,1,18.7189,14.9586,3.76034,0.959612,968
sympleharmonic,10,3,1000000,100000,1,1,18.7592,15.0122,3.74693,0.959849,948
sympleharmonic,10,3,1000000,100000,1,1,18.724,14.9654,3.75864,0.95994,934
sympleharmonic,10,3,1000000,100000,1,1,18.7521,15.0028,3.74929,0.959991,946
sympleharmonic,10,3,1000000,100000,1,1,18.7688,15.0251,3.74371,0.959853,947
sympleharmonic,10,3,1000000,100000,1,1,18.7689,15.0252,3.7437,0.959876,933
sympleharmonic,10,3,1000000,100000,1,1,18.711,14.948,3.76299,0.959556,937
sympleharmonic,10,3,1000000,100000,1,1,18.7818,15.0424,3.73938,0.95936,935
sympleharmonic,10,3,1000000,100000,1,1,18.7469,14.9959,3.75101,0.959589,933
sympleharmonic,10,3,1000000,100000,1,1,18.7104,14.9472,3.76319,0.584787,958
sympleharmonic,10,3,1000000,100000,1,1,18.7724,15.0299,3.74251,0.582864,958
sympleharmonic,10,3,1000000,100000,1,1,18.7391,14.9854,3.75363,0.58415,959
sympleharmonic,10,3,1000000,100000,1,1,18.7238,14.965,3.75874,0.58449,976
sympleharmonic,10,3,1000000,100000,1,1,18.7712,15.0283,3.74291,0.58199,965
sympleharmonic,10,3,1000000,100000,1,1,18.7435,14.9914,3.75215,0.584989,956
sympleharmonic,10,3,1000000,100000,1,1,18.775,15.0334,3.74165,0.58342,956
sympleharmonic,10,3,1000000,100000,1,1,18.7377,14.9835,3.7541,0.583268,954
sympleharmonic,10,3,1000000,100000,1,1,18.7852,15.047,3.73825,0.583359,954
sympleharmonic,10,3,1000000,100000,1,1,18.7465,14.9953,3.75117,0.584408,954
sympleharmonic,10,3,1000000,100000,1,1,18.7286,14.9715,3.75711,0.181642,992
sympleharmonic,10,3,1000000,100000,1,1,18.7908,15.0544,3.7364,0.181516,975
sympleharmonic,10,3,1000000,100000,1,1,18.7914,15.0552,3.73619,0.181824,996
sympleharmonic,10,3,1000000,100000,1,1,18.7077,14.9436,3.76409,0.182389,984
sympleharmonic,10,3,1000000,100000,1,1,18.8527,15.1369,3.71577,0.180994,1012
sympleharmonic,10,3,1000000,100000,1,1,18.7022,14.9363,3.76591,0.182312,975
sympleharmonic,10,3,1000000,100000,1,1,18.7472,14.9963,3.75092,0.18148,994
sympleharmonic,10,3,1000000,100000,1,1,18.8344,15.1125,3.72186,0.180414,975
sympleharmonic,10,3,1000000,100000,1,1,18.7662,15.0216,3.7446,0.181529,981
sympleharmonic,10,3,1000000,100000,1,1,18.7625,15.0167,3.74582,0.182118,975
sympleharmonic,10,3,10000000,1e+06,1,1,18.7848,15.0464,3.73839,0.998735,9458
sympleharmonic,10,3,10000000,1e+06,1,1,18.7672,15.0229,3.74427,0.998742,9311
sympleharmonic,10,3,10000000,1e+06,1,1,18.7322,14.9762,3.75595,0.998727,9412
sympleharmonic,10,3,10000000,1e+06,1,1,18.7471,14.9962,3.75095,0.998741,9625
sympleharmonic,10,3,10000000,1e+06,1,1,18.7744,15.0326,3.74185,0.998723,9358
sympleharmonic,10,3,10000000,1e+06,1,1,18.7371,14.9828,3.75431,0.998734,9310
sympleharmonic,10,3,10000000,1e+06,1,1,18.7564,15.0086,3.74786,0.998722,9632
sympleharmonic,10,3,10000000,1e+06,1,1,18.7641,15.0188,3.7453,0.998709,9325
sympleharmonic,10,3,10000000,1e+06,1,1,18.7428,14.9904,3.75239,0.998725,9458
sympleharmonic,10,3,10000000,1e+06,1,1,18.7547,15.0062,3.74844,0.998727,9326
sympleharmonic,10,3,10000000,1e+06,1,1,18.7534,15.0046,3.74885,0.95987,9356
sympleharmonic,10,3,10000000,1e+06,1,1,18.7462,14.995,3.75126,0.959815,9334
sympleharmonic,10,3,10000000,1e+06,1,1,18.7434,14.9912,3.7522,0.95974,9366
sympleharmonic,10,3,10000000,1e+06,1,1,18.7474,14.9965,3.75087,0.959785,9418
sympleharmonic,10,3,10000000,1e+06,1,1,18.7446,14.9928,3.7518,0.95985,9348
sympleharmonic,10,3,10000000,1e+06,1,1,18.7473,14.9964,3.7509,0.959833,9360
sympleharmonic,10,3,10000000,1e+06,1,1,18.7371,14.9828,3.7543,0.959779,9685
sympleharmonic,10,3,10000000,1e+06,1,1,18.7531,15.0041,3.74897,0.959736,9383
sympleharmonic,10,3,10000000,1e+06,1,1,18.7539,15.0052,3.7487,0.959804,9363
sympleharmonic,10,3,10000000,1e+06,1,1,18.748,14.9973,3.75067,0.959742,9351
sympleharmonic,10,3,10000000,1e+06,1,1,18.7471,14.9962,3.75095,0.583717,9834
sympleharmonic,10,3,10000000,1e+06,1,1,18.7471,14.9961,3.75098,0.583674,10496
sympleharmonic,10,3,10000000,1e+06,1,1,18.747,14.996,3.751,0.583719,9671
sympleharmonic,10,3,10000000,1e+06,1,1,18.7534,15.0046,3.74886,0.583377,9648
sympleharmonic,10,3,10000000,1e+06,1,1,18.753,15.0041,3.74899,0.583887,9685
sympleharmonic,10,3,10000000,1e+06,1,1,18.7455,14.9941,3.75148,0.583571,9599
sympleharmonic,10,3,10000000,1e+06,1,1,18.7496,14.9995,3.75012,0.583489,9623
sympleharmonic,10,3,10000000,1e+06,1,1,18.7569,15.0092,3.74769,0.583244,9826
sympleharmonic,10,3,10000000,1e+06,1,1,18.7566,15.0088,3.7478,0.583625,9590
sympleharmonic,10,3,10000000,1e+06,1,1,18.7412,14.9883,3.75293,0.583775,9616
sympleharmonic,10,3,10000000,1e+06,1,1,18.7586,15.0115,3.74714,0.181559,10113
sympleharmonic,10,3,10000000,1e+06,1,1,18.7854,15.0472,3.73819,0.181385,10467
sympleharmonic,10,3,10000000,1e+06,1,1,18.7556,15.0075,3.74812,0.181736,10042
sympleharmonic,10,3,10000000,1e+06,1,1,18.7555,15.0073,3.74817,0.181752,10442
sympleharmonic,10,3,10000000,1e+06,1,1,18.7566,15.0088,3.7478,0.181561,10458
sympleharmonic,10,3,10000000,1e+06,1,1,18.7522,15.0029,3.74928,0.181681,10183
sympleharmonic,10,3,10000000,1e+06,1,1,18.7319,14.9759,3.75603,0.18169,10322
sympleharmonic,10,3,10000000,1e+06,1,1,18.7423,14.9897,3.75257,0.181676,10497
sympleharmonic,10,3,10000000,1e+06,1,1,18.7513,15.0017,3.74958,0.181558,10525
sympleharmonic,10,3,10000000,1e+06,1,1,18.7399,14.9865,3.75338,0.18166,10093
sympleharmonic,100,3,100,10,1,1,156.294,109.503,46.7909,0.988889,0
sympleharmonic,100,3,100,10,1,1,153.673,106.009,47.6644,0.977778,0
sympleharmonic,100,3,100,10,1,1,144.999,94.4434,50.5558,0.988889,0
sympleharmonic,100,3,100,10,1,1,155.123,107.942,47.1813,0.988889,0
sympleharmonic,100,3,100,10,1,1,145.295,94.8375,50.4573,0.977778,0
sympleharmonic,100,3,100,10,1,1,155.538,108.496,47.0428,0.9,0
sympleharmonic,100,3,100,10,1,1,154.577,107.214,47.3632,0.855556,0
sympleharmonic,100,3,100,10,1,1,144.541,93.8328,50.7085,0.855556,0
sympleharmonic,100,3,100,10,1,1,156.32,109.537,46.7823,0.877778,0
sympleharmonic,100,3,100,10,1,1,144.619,93.936,50.6827,0.922222,0
sympleharmonic,100,3,100,10,1,1,158.262,112.127,46.1349,0.544444,0
sympleharmonic,100,3,100,10,1,1,159.84,114.231,45.609,0.644444,0
sympleharmonic,100,3,100,10,1,1,147.633,97.9546,49.678,0.577778,0
sympleharmonic,100,3,100,10,1,1,158.868,112.936,45.9328,0.688889,0
sympleharmonic,100,3,100,10,1,1,148.448,99.0414,49.4063,0.566667,0
sympleharmonic,100,3,100,10,1,1,158.208,112.055,46.153,0.344444,0
sympleharmonic,100,3,100,10,1,1,163.876,119.612,44.2637,0.377778,0
sympleharmonic,100,3,100,10,1,1,148.438,99.0287,49.4095,0.322222,0
sympleharmonic,100,3,100,10,1,1,163.211,118.726,44.4852,0.388889,0
sympleharmonic,100,3,100,10,1,1,148.687,99.3598,49.3267,0.333333,0
sympleharmonic,100,3,1000,100,1,1,157.71,110.391,47.3189,0.994444,1
sympleharmonic,100,3,1000,100,1,1,155.232,107.087,48.145,0.991111,1
sympleharmonic,100,3,1000,100,1,1,146.392,95.3008,51.0915,0.985556,1
sympleharmonic,100,3,1000,100,1,1,156.964,109.397,47.5674,0.995556,1
sympleharmonic,100,3,1000,100,1,1,146.733,95.7555,50.9778,0.986667,1
sympleharmonic,100,3,1000,100,1,1,157.606,110.253,47.3535,0.916667,1
sympleharmonic,100,3,1000,100,1,1,158.191,111.032,47.1587,0.901111,1
sympleharmonic,100,3,1000,100,1,1,146.153,94.982,51.1712,0.904444,1
sympleharmonic,100,3,1000,100,1,1,161.104,114.916,46.1876,0.931111,1
sympleharmonic,100,3,1000,100,1,1,146.879,95.9491,50.9294,0.911111,1
sympleharmonic,100,3,1000,100,1,1,179.196,139.04,40.1568,0.636667,1
sympleharmonic,100,3,1000,100,1,1,173.52,131.472,42.0487,0.633333,1
sympleharmonic,100,3,1000,100,1,1,163.549,118.176,45.3726,0.635556,1
sympleharmonic,100,3,1000,100,1,1,169.171,125.672,43.4986,0.625556,1
sympleharmonic,100,3,1000,100,1,1,164.36,119.257,45.1024,0.628889,1
sympleharmonic,100,3,1000,100,1,1,181.841,142.565,39.2753,0.374444,1
sympleharmonic,100,3,1000,100,1,1,185.842,147.9,37.9417,0.343333,1
sympleharmonic,100,3,1000,100,1,1,171.619,128.936,42.6827,0.374444,1
sympleharmonic,100,3,1000,100,1,1,179.999,140.11,39.8891,0.35,1
sympleharmonic,100,3,1000,100,1,1,170.758,127.788,42.9697,0.361111,1
sympleharmonic,100,3,10000,1000,1,1,158.686,111.592,47.0937,0.989444,14
sympleharmonic,100,3,10000,1000,1,1,154.343,105.802,48.5412,0.99,13
sympleharmonic,100,3,10000,1000,1,1,144.83,93.1174,51.7123,0.990222,13
sympleharmonic,100,3,10000,1000,1,1,157.699,110.277,47.4225,0.989111,14
sympleharmonic,100,3,10000,1000,1,1,145.918,94.5682,51.3496,0.988444,13
sympleharmonic,100,3,10000,1000,1,1,176.726,135.646,41.0802,0.915667,14
sympleharmonic,100,3,10000,1000,1,1,167.026,122.712,44.3135,0.918,13
sympleharmonic,100,3,10000,1000,1,1,154.142,105.534,48.6081,0.908889,13
sympleharmonic,100,3,10000,1000,1,1,171,128.011,42.9888,0.917556,13
sympleharmonic,100,3,10000,1000,1,1,161.63,115.518,46.1121,0.910778,13
sympleharmonic,100,3,10000,1000,1,1,189.139,152.197,36.9424,0.628,15
sympleharmonic,100,3,10000,1000,1,1,187.693,150.268,37.4246,0.640333,14
sympleharmonic,100,3,10000,1000,1,1,191.416,155.232,36.1836,0.626889,13
sympleharmonic,100,3,10000,1000,1,1,183.456,144.619,38.8369,0.633333,14
sympleharmonic,100,3,10000,1000,1,1,186.971,149.306,37.6651,0.636778,14
sympleharmonic,100,3,10000,1000,1,1,191.017,154.701,36.3165,0.347222,14
sympleharmonic,100,3,10000,1000,1,1,183.398,144.542,38.8561,0.360111,14
sympleharmonic,100,3,10000,1000,1,1,187.114,149.497,37.6175,0.348111,14
sympleharmonic,100,3,10000,1000,1,1,189.461,152.626,36.8352,0.353111,14
sympleharmonic,100,3,10000,1000,1,1,187.487,149.994,37.4931,0.354333,14
sympleharmonic,100,3,100000,10000,1,1,157.56,110.081,47.4788,0.990733,137
sympleharmonic,100,3,100000,10000,1,1,158.483,111.312,47.1713,0.9911,137
sympleharmonic,100,3,100000,10000,1,1,152.412,103.218,49.1948,0.990978,136
sympleharmonic,100,3,100000,10000,1,1,155.251,107.003,48.2485,0.990611,136
sympleharmonic,100,3,100000,10000,1,1,145.582,94.1107,51.4715,0.991378,137
sympleharmonic,100,3,100000,10000,1,1,190.825,154.435,36.3904,0.924033,138
sympleharmonic,100,3,100000,10000,1,1,187.963,150.618,37.3447,0.924622,139
sympleharmonic,100,3,100000,10000,1,1,185.861,147.816,38.0451,0.924344,137
sympleharmonic,100,3,100000,10000,1,1,182.237,142.983,39.2534,0.921867,138
sympleharmonic,100,3,100000,10000,1,1,189.285,152.381,36.9039,0.923178,138
sympleharmonic,100,3,100000,10000,1,1,191.23,154.974,36.2556,0.634356,141
sympleharmonic,100,3,100000,10000,1,1,186.948,149.265,37.683,0.636778,139
sympleharmonic,100,3,100000,10000,1,1,187.787,150.384,37.4031,0.6361,139
sympleharmonic,100,3,100000,10000,1,1,184.89,146.521,38.3688,0.636122,139
sympleharmonic,100,3,100000,10000,1,1,186.282,148.377,37.9048,0.634944,140
sympleharmonic,100,3,100000,10000,1,1,188.771,151.696,37.0751,0.355478,140
sympleharmonic,100,3,100000,10000,1,1,187.882,150.511,37.3715,0.353889,141
sympleharmonic,100,3,100000,10000,1,1,187.066,149.423,37.6434,0.356,141
sympleharmonic,100,3,100000,10000,1,1,187.857,150.477,37.38,0.357578,142
sympleharmonic,100,3,100000,10000,1,1,187.07,149.427,37.6423,0.353844,140
sympleharmonic,100,3,1000000,100000,1,1,171.844,129.126,42.7185,0.991861,1379
sympleharmonic,100,3,1000000,100000,1,1,167.37,123.16,44.2099,0.991556,1376
sympleharmonic,100,3,1000000,100000,1,1,170.24,126.987,43.2531,0.991612,1371
sympleharmonic,100,3,1000000,100000,1,1,163.152,117.536,45.6159,0.991376,1440
sympleharmonic,100,3,1000000,100000,1,1,169.895,126.526,43.3683,0.991733,1372
sympleharmonic,100,3,1000000,100000,1,1,188.059,150.746,37.3135,0.923764,1408
sympleharmonic,100,3,1000000,100000,1,1,188.174,150.899,37.2752,0.92412,1374
sympleharmonic,100,3,1000000,100000,1,1,187.508,150.011,37.4971,0.923752,1372
sympleharmonic,100,3,1000000,100000,1,1,184.447,145.93,38.5174,0.923144,1392
sympleharmonic,100,3,1000000,100000,1,1,187.87,150.494,37.3765,0.923342,1388
sympleharmonic,100,3,1000000,100000,1,1,187.324,149.765,37.5586,0.63438,1398
sympleharmonic,100,3,1000000,100000,1,1,187.373,149.831,37.5422,0.63555,1393
sympleharmonic,100,3,1000000,100000,1,1,187.278,149.704,37.574,0.63451,1423
sympleharmonic,100,3,1000000,100000,1,1,186.357,148.477,37.8808,0.633822,1431
sympleharmonic,100,3,1000000,100000,1,1,187.637,150.183,37.4542,0.633394,1399
sympleharmonic,100,3,1000000,100000,1,1,187.649,150.198,37.4504,0.355452,1426
sympleharmonic,100,3,1000000,100000,1,1,187.661,150.215,37.4462,0.355403,1422
sympleharmonic,100,3,1000000,100000,1,1,187.256,149.675,37.5812,0.354624,1418
sympleharmonic,100,3,1000000,100000,1,1,187.909,150.545,37.3635,0.354176,1412
sympleharmonic,100,3,1000000,100000,1,1,187.384,149.845,37.5386,0.35415,1421
sympleharmonic,100,3,10000000,1e+06,1,1,187.678,150.237,37.4407,0.99236,14253
sympleharmonic,100,3,10000000,1e+06,1,1,182.352,143.136,39.2161,0.992129,13795
sympleharmonic,100,3,100,10,1,1,156.294,109.503,46.7909,0.988889,0
sympleharmonic,100,3,100,10,1,1,153.673,106.009,47.6644,0.977778,0
sympleharmonic,100,3,100,10,1,1,144.999,94.4434,50.5558,0.988889,0
sympleharmonic,100,3,100,10,1,1,155.123,107.942,47.1813,0.988889,0
sympleharmonic,100,3,100,10,1,1,145.295,94.8375,50.4573,0.977778,0
sympleharmonic,100,3,100,10,1,1,155.538,108.496,47.0428,0.9,0
sympleharmonic,100,3,100,10,1,1,154.577,107.214,47.3632,0.855556,0
sympleharmonic,100,3,100,10,1,1,144.541,93.8328,50.7085,0.855556,0
sympleharmonic,100,3,100,10,1,1,156.32,109.537,46.7823,0.877778,0
sympleharmonic,100,3,100,10,1,1,144.619,93.936,50.6827,0.922222,0
sympleharmonic,100,3,100,10,1,1,158.262,112.127,46.1349,0.544444,0
sympleharmonic,100,3,100,10,1,1,159.84,114.231,45.609,0.644444,0
sympleharmonic,100,3,100,10,1,1,147.633,97.9546,49.678,0.577778,0
sympleharmonic,100,3,100,10,1,1,158.868,112.936,45.9328,0.688889,0
sympleharmonic,100,3,100,10,1,1,148.448,99.0414,49.4063,0.566667,0
sympleharmonic,100,3,100,10,1,1,158.208,112.055,46.153,0.344444,0
sympleharmonic,100,3,100,10,1,1,163.876,119.612,44.2637,0.377778,0
sympleharmonic,100,3,100,10,1,1,148.438,99.0287,49.4095,0.322222,0
sympleharmonic,100,3,100,10,1,1,163.211,118.726,44.4852,0.388889,0
sympleharmonic,100,3,100,10,1,1,148.687,99.3598,49.3267,0.333333,0
sympleharmonic,100,3,1000,100,1,1,157.71,110.391,47.3189,0.994444,1
sympleharmonic,100,3,1000,100,1,1,155.232,107.087,48.145,0.991111,1
sympleharmonic,100,3,1000,100,1,1,146.392,95.3008,51.0915,0.985556,1
sympleharmonic,100,3,1000,100,1,1,156.964,109.397,47.5674,0.995556,1
sympleharmonic,100,3,1000,100,1,1,146.733,95.7555,50.9778,0.986667,1
sympleharmonic,100,3,1000,100,1,1,157.606,110.253,47.3535,0.916667,1
sympleharmonic,100,3,1000,100,1,1,158.191,111.032,47.1587,0.901111,1
sympleharmonic,100,3,1000,100,1,1,146.153,94.982,51.1712,0.904444,1
sympleharmonic,100,3,1000,100,1,1,161.104,114.916,46.1876,0.931111,1
sympleharmonic,100,3,1000,100,1,1,146.879,95.9491,50.9294,0.911111,1
sympleharmonic,100,3,1000,100,1,1,179.196,139.04,40.1568,0.636667,1
sympleharmonic,100,3,1000,100,1,1,173.52,131.472,42.0487,0.633333,1
sympleharmonic,100,3,1000,100,1,1,163.549,118.176,45.3726,0.635556,1
sympleharmonic,100,3,1000,100,1,1,169.171,125.672,43.4986,0.625556,1
sympleharmonic,100,3,1000,100,1,1,164.36,119.257,45.1024,0.628889,1
sympleharmonic,100,3,1000,100,1,1,181.841,142.565,39.2753,0.374444,1
sympleharmonic,100,3,1000,100,1,1,185.842,147.9,37.9417,0.343333,1
sympleharmonic,100,3,1000,100,1,1,171.619,128.936,42.6827,0.374444,1
sympleharmonic,100,3,1000,100,1,1,179.999,140.11,39.8891,0.35,1
sympleharmonic,100,3,1000,100,1,1,170.758,127.788,42.9697,0.361111,1
sympleharmonic,100,3,10000,1000,1,1,158.686,111.592,47.0937,0.989444,13
sympleharmonic,100,3,10000,1000,1,1,154.343,105.802,48.5412,0.99,13
sympleharmonic,100,3,10000,1000,1,1,144.83,93.1174,51.7123,0.990222,13
sympleharmonic,100,3,10000,1000,1,1,157.699,110.277,47.4225,0.989111,13
sympleharmonic,100,3,10000,1000,1,1,145.918,94.5682,51.3496,0.988444,13
sympleharmonic,100,3,10000,1000,1,1,176.726,135.646,41.0802,0.915667,13
sympleharmonic,100,3,10000,1000,1,1,167.026,122.712,44.3135,0.918,13
sympleharmonic,100,3,10000,1000,1,1,154.142,105.534,48.6081,0.908889,13
sympleharmonic,100,3,10000,1000,1,1,171,128.011,42.9888,0.917556,13
sympleharmonic,100,3,10000,1000,1,1,161.63,115.518,46.1121,0.910778,13
sympleharmonic,100,3,10000,1000,1,1,189.139,152.197,36.9424,0.628,14
sympleharmonic,100,3,10000,1000,1,1,187.693,150.268,37.4246,0.640333,14
sympleharmonic,100,3,10000,1000,1,1,191.416,155.232,36.1836,0.626889,14
sympleharmonic,100,3,10000,1000,1,1,183.456,144.619,38.8369,0.633333,13
sympleharmonic,100,3,10000,1000,1,1,186.971,149.306,37.6651,0.636778,13
sympleharmonic,100,3,10000,1000,1,1,191.017,154.701,36.3165,0.347222,14
sympleharmonic,100,3,10000,1000,1,1,183.398,144.542,38.8561,0.360111,14
sympleharmonic,100,3,10000,1000,1,1,187.114,149.497,37.6175,0.348111,14
sympleharmonic,100,3,10000,1000,1,1,189.461,152.626,36.8352,0.353111,14
sympleharmonic,100,3,10000,1000,1,1,187.487,149.994,37.4931,0.354333,14
sympleharmonic,100,3,100000,10000,1,1,157.56,110.081,47.4788,0.990733,136
sympleharmonic,100,3,100000,10000,1,1,158.483,111.312,47.1713,0.9911,139
sympleharmonic,100,3,100000,10000,1,1,152.412,103.218,49.1948,0.990978,137
sympleharmonic,100,3,100000,10000,1,1,155.251,107.003,48.2485,0.990611,137
sympleharmonic,100,3,100000,10000,1,1,145.582,94.1107,51.4715,0.991378,136
sympleharmonic,100,3,100000,10000,1,1,190.825,154.435,36.3904,0.924033,136
sympleharmonic,100,3,100000,10000,1,1,187.963,150.618,37.3447,0.924622,137
sympleharmonic,100,3,100000,10000,1,1,185.861,147.816,38.0451,0.924344,138
sympleharmonic,100,3,100000,10000,1,1,182.237,142.983,39.2534,0.921867,137
sympleharmonic,100,3,100000,10000,1,1,189.285,152.381,36.9039,0.923178,136
sympleharmonic,100,3,100000,10000,1,1,191.23,154.974,36.2556,0.634356,140
sympleharmonic,100,3,100000,10000,1,1,186.948,149.265,37.683,0.636778,139
sympleharmonic,100,3,100000,10000,1,1,187.787,150.384,37.4031,0.6361,141
sympleharmonic,100,3,100000,10000,1,1,184.89,146.521,38.3688,0.636122,139
sympleharmonic,100,3,100000,10000,1,1,186.282,148.377,37.9048,0.634944,140
sympleharmonic,100,3,100000,10000,1,1,188.771,151.696,37.0751,0.355478,140
sympleharmonic,100,3,100000,10000,1,1,187.882,150.511,37.3715,0.353889,141
sympleharmonic,100,3,100000,10000,1,1,187.066,149.423,37.6434,0.356,140
sympleharmonic,100,3,100000,10000,1,1,187.857,150.477,37.38,0.357578,140
sympleharmonic,100,3,100000,10000,1,1,187.07,149.427,37.6423,0.353844,140
sympleharmonic,100,3,1000000,100000,1,1,171.844,129.126,42.7185,0.991861,1366
sympleharmonic,100,3,1000000,100000,1,1,167.37,123.16,44.2099,0.991556,1367
sympleharmonic,100,3,1000000,100000,1,1,170.24,126.987,43.2531,0.991612,1370
sympleharmonic,100,3,1000000,100000,1,1,163.152,117.536,45.6159,0.991376,1374
sympleharmonic,100,3,1000000,100000,1,1,169.895,126.526,43.3683,0.991733,1384
sympleharmonic,100,3,1000000,100000,1,1,188.059,150.746,37.3135,0.923764,1377
sympleharmonic,100,3,1000000,100000,1,1,188.174,150.899,37.2752,0.92412,1372
sympleharmonic,100,3,1000000,100000,1,1,187.508,150.011,37.4971,0.923752,1382
sympleharmonic,100,3,1000000,100000,1,1,184.447,145.93,38.5174,0.923144,1373
sympleharmonic,100,3,1000000,100000,1,1,187.87,150.494,37.3765,0.923342,1373
sympleharmonic,100,3,1000000,100000,1,1,187.324,149.765,37.5586,0.63438,1392
sympleharmonic,100,3,1000000,100000,1,1,187.373,149.831,37.5422,0.63555,1389
sympleharmonic,100,3,1000000,100000,1,1,187.278,149.704,37.574,0.63451,1387
sympleharmonic,100,3,1000000,100000,1,1,186.357,148.477,37.8808,0.633822,1398
sympleharmonic,100,3,1000000,100000,1,1,187.637,150.183,37.4542,0.633394,1386
sympleharmonic,100,3,1000000,100000,1,1,187.649,150.198,37.4504,0.355452,1416
sympleharmonic,100,3,1000000,100000,1,1,187.661,150.215,37.4462,0.355403,1394
sympleharmonic,100,3,1000000,100000,1,1,187.256,149.675,37.5812,0.354624,1402
sympleharmonic,100,3,1000000,100000,1,1,187.909,150.545,37.3635,0.354176,1416
sympleharmonic,100,3,1000000,100000,1,1,187.384,149.845,37.5386,0.35415,1409
sympleharmonic,100,3,10000000,1e+06,1,1,187.678,150.237,37.4407,0.99236,13886
sympleharmonic,100,3,10000000,1e+06,1,1,182.352,143.136,39.2161,0.992129,13730
sympleharmonic,100,3,10000000,1e+06,1,1,192.636,156.848,35.788,0.992533,13692
sympleharmonic,100,3,10000000,1e+06,1,1,191.224,154.966,36.2585,0.992397,13743
sympleharmonic,100,3,10000000,1e+06,1,1,193.589,158.119,35.4704,0.99257,13693
sympleharmonic,100,3,10000000,1e+06,1,1,187.34,149.787,37.5533,0.923579,13823
sympleharmonic,100,3,10000000,1e+06,1,1,187.058,149.411,37.6472,0.923267,13882
sympleharmonic,100,3,10000000,1e+06,1,1,187.221,149.628,37.593,0.92346,13690
sympleharmonic,100,3,10000000,1e+06,1,1,187.688,150.25,37.4375,0.923492,13714
sympleharmonic,100,3,10000000,1e+06,1,1,188.032,150.709,37.3228,0.923497,13724
sympleharmonic,100,3,10000000,1e+06,1,1,187.416,149.888,37.528,0.634146,13943
sympleharmonic,100,3,10000000,1e+06,1,1,187.459,149.945,37.5136,0.63412,13921
sympleharmonic,100,3,10000000,1e+06,1,1,187.323,149.764,37.559,0.634321,14022
sympleharmonic,100,3,10000000,1e+06,1,1,187.521,150.028,37.4929,0.633986,13918
sympleharmonic,100,3,10000000,1e+06,1,1,187.581,150.108,37.4729,0.634264,14091
sympleharmonic,100,3,10000000,1e+06,1,1,187.386,149.848,37.538,0.354754,14082
sympleharmonic,100,3,10000000,1e+06,1,1,187.665,150.22,37.445,0.354219,14045
sympleharmonic,100,3,10000000,1e+06,1,1,187.501,150.001,37.4996,0.354513,14005
sympleharmonic,100,3,10000000,1e+06,1,1,187.425,149.899,37.5251,0.35481,14073
sympleharmonic,100,3,10000000,1e+06,1,1,187.464,149.952,37.512,0.3546,14118
sympleharmonic,100,3,100,10,1,1,153.186,105.359,47.827,0.977778,0
sympleharmonic,100,3,100,10,1,1,153.468,105.735,47.7329,0.977778,0
sympleharmonic,100,3,100,10,1,1,149.037,99.8278,49.2097,0.988889,0
sympleharmonic,100,3,100,10,1,1,155.728,108.748,46.9796,0.988889,0
sympleharmonic,100,3,100,10,1,1,143.67,92.6716,50.9988,0.988889,0
sympleharmonic,100,3,100,10,1,1,153.963,106.395,47.5679,0.922222,0
sympleharmonic,100,3,100,10,1,1,159.103,113.248,45.8546,0.922222,0
sympleharmonic,100,3,100,10,1,1,155.925,109.011,46.914,0.955556,0
sympleharmonic,100,3,100,10,1,1,162.169,117.337,44.8324,0.955556,0
sympleharmonic,100,3,100,10,1,1,144.68,94.0171,50.6624,0.911111,0
sympleharmonic,100,3,100,10,1,1,161.921,117.005,44.9153,0.566667,0
sympleharmonic,100,3,100,10,1,1,162.093,117.235,44.8579,0.611111,0
sympleharmonic,100,3,100,10,1,1,154.173,106.675,47.4979,0.633333,0
sympleharmonic,100,3,100,10,1,1,164.443,120.369,44.0744,0.688889,0
sympleharmonic,100,3,100,10,1,1,150.158,101.321,48.8364,0.533333,0
sympleharmonic,100,3,100,10,1,1,157.57,111.205,46.3655,0.233333,0
sympleharmonic,100,3,100,10,1,1,153.584,105.889,47.6944,0.177778,0
sympleharmonic,100,3,100,10,1,1,145.468,95.069,50.3994,0.166667,0
sympleharmonic,100,3,100,10,1,1,157.404,110.983,46.4209,0.188889,0
sympleharmonic,100,3,100,10,1,1,146.99,97.0982,49.8921,0.222222,0
sympleharmonic,100,3,1000,100,1,1,154.216,105.733,48.4834,0.996667,1
sympleharmonic,100,3,1000,100,1,1,171.195,128.372,42.8238,0.996667,1
sympleharmonic,100,3,1000,100,1,1,164.123,118.941,45.1813,0.996667,1
sympleharmonic,100,3,1000,100,1,1,161.294,115.169,46.1243,0.998889,1
sympleharmonic,100,3,1000,100,1,1,156.172,108.341,47.8315,0.998889,1
sympleharmonic,100,3,1000,100,1,1,174.199,132.377,41.8224,0.954444,1
sympleharmonic,100,3,1000,100,1,1,189.017,152.134,36.8832,0.948889,1
sympleharmonic,100,3,1000,100,1,1,183.152,144.313,38.8384,0.954444,1
sympleharmonic,100,3,1000,100,1,1,181.734,142.423,39.3109,0.951111,1
sympleharmonic,100,3,1000,100,1,1,184.874,146.609,38.2643,0.953333,1
sympleharmonic,100,3,1000,100,1,1,184.418,146.002,38.4162,0.594444,1
sympleharmonic,100,3,1000,100,1,1,184.739,146.43,38.3092,0.565556,1
sympleharmonic,100,3,1000,100,1,1,171.222,128.407,42.8148,0.632222,1
sympleharmonic,100,3,1000,100,1,1,177.451,136.713,40.7385,0.581111,1
sympleharmonic,100,3,1000,100,1,1,185.587,147.56,38.0267,0.574444,1
sympleharmonic,100,3,1000,100,1,1,162.771,117.139,45.632,0.185556,1
sympleharmonic,100,3,1000,100,1,1,164.526,119.48,45.0467,0.201111,1
sympleharmonic,100,3,1000,100,1,1,160.923,114.675,46.2479,0.206667,1
sympleharmonic,100,3,1000,100,1,1,160.236,113.759,46.477,0.195556,1
sympleharmonic,100,3,1000,100,1,1,163.214,117.729,45.4844,0.192222,2
sympleharmonic,100,3,10000,1000,1,1,182.678,143.582,39.0962,0.999,19
sympleharmonic,100,3,10000,1000,1,1,185.797,147.74,38.0566,0.999444,18
sympleharmonic,100,3,10000,1000,1,1,183.493,144.669,38.8245,0.998667,18
sympleharmonic,100,3,10000,1000,1,1,174.503,132.681,41.8214,0.998444,18
sympleharmonic,100,3,10000,1000,1,1,181.608,142.156,39.4528,0.998667,19
sympleharmonic,100,3,10000,1000,1,1,192.124,156.176,35.9476,0.96,18
sympleharmonic,100,3,10000,1000,1,1,187.603,150.149,37.4544,0.962667,18
sympleharmonic,100,3,10000,1000,1,1,189.905,153.218,36.6872,0.956889,18
sympleharmonic,100,3,10000,1000,1,1,182.968,143.969,38.9995,0.960111,18
sympleharmonic,100,3,10000,1000,1,1,185.44,147.265,38.1754,0.958333,18
sympleharmonic,100,3,10000,1000,1,1,186.962,149.294,37.6682,0.584222,19
sympleharmonic,100,3,10000,1000,1,1,188.505,151.351,37.154,0.585667,19
sympleharmonic,100,3,10000,1000,1,1,186.853,149.148,37.7046,0.589111,19
sympleharmonic,100,3,10000,1000,1,1,186.936,149.26,37.6767,0.578333,19
sympleharmonic,100,3,10000,1000,1,1,187.218,149.635,37.5829,0.585667,19
sympleharmonic,100,3,10000,1000,1,1,187.625,150.177,37.4473,0.185222,19
sympleharmonic,100,3,10000,1000,1,1,183.167,144.234,38.9333,0.191111,19
sympleharmonic,100,3,10000,1000,1,1,187.522,150.041,37.4814,0.186222,19
sympleharmonic,100,3,10000,1000,1,1,185.545,147.404,38.1407,0.179556,19
sympleharmonic,100,3,10000,1000,1,1,185.78,147.718,38.0623,0.183556,19
sympleharmonic,100,3,100000,10000,1,1,191.644,155.527,36.1175,0.998622,187
sympleharmonic,100,3,100000,10000,1,1,186.675,148.901,37.7739,0.9986,187
sympleharmonic,100,3,100000,10000,1,1,185.923,147.899,38.0244,0.998733,188
sympleharmonic,100,3,100000,10000,1,1,184.27,145.695,38.5755,0.998589,187
sympleharmonic,100,3,100000,10000,1,1,188.633,151.512,37.1212,0.998689,188
sympleharmonic,100,3,100000,10000,1,1,188.739,151.654,37.0857,0.960422,188
sympleharmonic,100,3,100000,10000,1,1,186.988,149.319,37.6694,0.9599,188
sympleharmonic,100,3,100000,10000,1,1,187.383,149.845,37.538,0.959167,187
sympleharmonic,100,3,100000,10000,1,1,186.506,148.676,37.8301,0.959733,188
sympleharmonic,100,3,100000,10000,1,1,188.24,150.988,37.2521,0.9595,188
sympleharmonic,100,3,100000,10000,1,1,187.588,150.118,37.4697,0.582622,191
sympleharmonic,100,3,100000,10000,1,1,187.493,149.992,37.5013,0.583467,191
sympleharmonic,100,3,100000,10000,1,1,189.777,153.037,36.74,0.577578,192
sympleharmonic,100,3,100000,10000,1,1,187.783,150.378,37.4046,0.586,191
sympleharmonic,100,3,100000,10000,1,1,188.069,150.76,37.3092,0.585656,192
sympleharmonic,100,3,100000,10000,1,1,189.948,153.266,36.6827,0.179067,194
sympleharmonic,100,3,100000,10000,1,1,186.656,148.876,37.7801,0.1831,194
sympleharmonic,100,3,100000,10000,1,1,186.385,148.515,37.8704,0.182822,194
sympleharmonic,100,3,100000,10000,1,1,186.703,148.939,37.7644,0.182722,194
sympleharmonic,100,3,100000,10000,1,1,184.118,145.491,38.6264,0.1841,194
sympleharmonic,100,3,1000000,100000,1,1,188.86,151.813,37.0466,0.998782,1879
sympleharmonic,100,3,1000000,100000,1,1,186.334,148.446,37.8885,0.998708,1883
sympleharmonic,100,3,1000000,100000,1,1,187.428,149.904,37.5239,0.99878,1874
sympleharmonic,100,3,1000000,100000,1,1,187.553,150.07,37.4824,0.998716,1886
sympleharmonic,100,3,1000000,100000,1,1,187.163,149.55,37.6124,0.998729,1882
sympleharmonic,100,3,1000000,100000,1,1,187.843,150.457,37.3856,0.95963,1887
sympleharmonic,100,3,1000000,100000,1,1,187.249,149.665,37.5836,0.95955,1879
sympleharmonic,100,3,1000000,100000,1,1,187.27,149.693,37.5766,0.959969,1879
sympleharmonic,100,3,1000000,100000,1,1,187.65,150.2,37.4499,0.959606,1879
sympleharmonic,100,3,1000000,100000,1,1,187.652,150.202,37.4493,0.959888,1890
sympleharmonic,100,3,1000000,100000,1,1,187.516,150.022,37.4945,0.583358,1915
sympleharmonic,100,3,1000000,100000,1,1,187.311,149.748,37.563,0.584211,1910
sympleharmonic,100,3,1000000,100000,1,1,187.524,150.032,37.492,0.584156,1909
sympleharmonic,100,3,1000000,100000,1,1,187.547,150.063,37.4841,0.583874,1936
sympleharmonic,100,3,1000000,100000,1,1,187.486,149.981,37.5046,0.583984,1912
sympleharmonic,100,3,1000000,100000,1,1,186.948,149.264,37.684,0.182289,1948
sympleharmonic,100,3,1000000,100000,1,1,187.306,149.742,37.5644,0.182066,1945
sympleharmonic,100,3,1000000,100000,1,1,187.075,149.434,37.6414,0.181991,1940
sympleharmonic,100,3,1000000,100000,1,1,187.394,149.859,37.5351,0.181907,1952
sympleharmonic,100,3,1000000,100000,1,1,187.218,149.624,37.5939,0.18215,1973
sympleharmonic,100,3,10000000,1e+06,1,1,187.363,149.817,37.5457,0.998746,18863
sympleharmonic,100,3,10000000,1e+06,1,1,187.427,149.903,37.5242,0.998715,18818
sympleharmonic,100,3,10000000,1e+06,1,1,187.536,150.048,37.4881,0.998729,18766
sympleharmonic,100,3,10000000,1e+06,1,1,187.325,149.767,37.5583,0.998732,18783
sympleharmonic,100,3,10000000,1e+06,1,1,187.365,149.82,37.5449,0.998727,18730
sympleharmonic,100,3,10000000,1e+06,1,1,187.534,150.046,37.4886,0.959863,18856
sympleharmonic,100,3,10000000,1e+06,1,1,187.492,149.989,37.5028,0.95984,18862
sympleharmonic,100,3,10000000,1e+06,1,1,187.469,149.958,37.5104,0.959885,18995
sympleharmonic,100,3,10000000,1e+06,1,1,187.494,149.992,37.5019,0.959689,18764
sympleharmonic,100,3,10000000,1e+06,1,1,187.501,150.001,37.4998,0.959743,18968
sympleharmonic,100,3,10000000,1e+06,1,1,187.528,150.037,37.4906,0.58395,19129
sympleharmonic,100,3,10000000,1e+06,1,1,187.473,149.965,37.5089,0.583483,19135
sympleharmonic,100,3,10000000,1e+06,1,1,187.475,149.967,37.5083,0.58394,19148
sympleharmonic,100,3,10000000,1e+06,1,1,187.446,149.928,37.5179,0.583681,19187
sympleharmonic,100,3,10000000,1e+06,1,1,187.498,149.998,37.5005,0.583645,19131
sympleharmonic,100,3,10000000,1e+06,1,1,187.578,150.104,37.4741,0.181562,19475
sympleharmonic,100,3,10000000,1e+06,1,1,187.605,150.141,37.4648,0.181544,19494
sympleharmonic,100,3,10000000,1e+06,1,1,187.736,150.315,37.4213,0.181446,19570
sympleharmonic,100,3,10000000,1e+06,1,1,187.6,150.134,37.4665,0.181757,19504
sympleharmonic,100,3,10000000,1e+06,1,1,187.305,149.739,37.5651,0.181542,21260
sympleharmonic,1,3,100,10,1,1,2.56651,2.43312,0.133385,0.988889,0
sympleharmonic,1,3,100,10,1,1,0.729252,-0.0165523,0.745805,0.977778,0
sympleharmonic,1,3,100,10,1,1,2.14836,1.87559,0.27277,0.977778,0
sympleharmonic,1,3,100,10,1,1,-0.349948,-1.45549,1.10554,0.988889,0
sympleharmonic,1,3,100,10,1,1,-0.12575,-1.15656,1.03081,0.977778,0
sympleharmonic,1,3,100,10,1,1,2.26441,2.03032,0.234087,0.911111,0
sympleharmonic,1,3,100,10,1,1,1.64448,1.20375,0.440729,0.888889,0
sympleharmonic,1,3,100,10,1,1,1.76345,1.36238,0.401072,0.944444,0
sympleharmonic,1,3,100,10,1,1,1.19789,0.6083,0.589592,0.911111,0
sympleharmonic,1,3,100,10,1,1,0.20157,-0.720129,0.921699,0.911111,0
sympleharmonic,1,3,100,10,1,1,1.8107,1.42538,0.385322,0.611111,0
sympleharmonic,1,3,100,10,1,1,1.9983,1.67551,0.322788,0.666667,0
sympleharmonic,1,3,100,10,1,1,2.36153,2.15982,0.201711,0.677778,0
sympleharmonic,1,3,100,10,1,1,1.78687,1.39361,0.393265,0.655556,0
sympleharmonic,1,3,100,10,1,1,1.77286,1.37492,0.397936,0.644444,0
sympleharmonic,1,3,100,10,1,1,2.14519,1.87137,0.273825,0.355556,0
sympleharmonic,1,3,100,10,1,1,1.78198,1.38709,0.394895,0.466667,0
sympleharmonic,1,3,100,10,1,1,1.81625,1.43277,0.383474,0.333333,0
sympleharmonic,1,3,100,10,1,1,2.06722,1.76741,0.299814,0.322222,0
sympleharmonic,1,3,100,10,1,1,1.44928,0.943482,0.505796,0.466667,0
sympleharmonic,1,3,1000,100,1,1,2.26585,2.02224,0.243606,0.99,0
sympleharmonic,1,3,1000,100,1,1,0.845791,0.128833,0.716958,0.991111,0
sympleharmonic,1,3,1000,100,1,1,2.07857,1.77254,0.306032,0.988889,0
sympleharmonic,1,3,1000,100,1,1,-0.797039,-2.06161,1.26457,0.983333,0
sympleharmonic,1,3,1000,100,1,1,-0.564479,-1.75153,1.18705,0.986667,0
sympleharmonic,1,3,1000,100,1,1,1.04131,0.38953,0.651784,0.902222,0
sympleharmonic,1,3,1000,100,1,1,2.49,2.32111,0.16889,0.953333,0
sympleharmonic,1,3,1000,100,1,1,1.33111,0.775926,0.555185,0.907778,0
sympleharmonic,1,3,1000,100,1,1,1.5454,1.06165,0.483754,0.924444,0
sympleharmonic,1,3,1000,100,1,1,1.17766,0.571319,0.606337,0.908889,0
sympleharmonic,1,3,1000,100,1,1,1.72301,1.29846,0.424552,0.611111,0
sympleharmonic,1,3,1000,100,1,1,2.03616,1.71599,0.32017,0.666667,0
sympleharmonic,1,3,1000,100,1,1,1.83791,1.45166,0.386253,0.631111,0
sympleharmonic,1,3,1000,100,1,1,1.76114,1.34929,0.411843,0.662222,0
sympleharmonic,1,3,1000,100,1,1,1.83588,1.44895,0.386928,0.622222,0
sympleharmonic,1,3,1000,100,1,1,1.82752,1.43781,0.389714,0.366667,0
sympleharmonic,1,3,1000,100,1,1,1.92366,1.56599,0.357669,0.377778,0
sympleharmonic,1,3,1000,100,1,1,1.81666,1.42332,0.393337,0.361111,0
sympleharmonic,1,3,1000,100,1,1,1.73966,1.32066,0.419002,0.368889,0
sympleharmonic,1,3,1000,100,1,1,1.62247,1.1644,0.458066,0.348889,0
sympleharmonic,1,3,10000,1000,1,1,1.53197,1.04274,0.489231,0.990111,4
sympleharmonic,1,3,10000,1000,1,1,2.37852,2.17147,0.207049,0.994111,4
sympleharmonic,1,3,10000,1000,1,1,1.33279,0.777163,0.555626,0.989556,4
sympleharmonic,1,3,10000,1000,1,1,-1.19391,-2.59176,1.39786,0.984444,4
sympleharmonic,1,3,10000,1000,1,1,0.955639,0.274297,0.681342,0.989444,4
sympleharmonic,1,3,10000,1000,1,1,1.96601,1.62146,0.344552,0.924778,4
sympleharmonic,1,3,10000,1000,1,1,1.79257,1.3902,0.402366,0.918667,4
sympleharmonic,1,3,10000,1000,1,1,1.72031,1.29386,0.426452,0.916,4
sympleharmonic,1,3,10000,1000,1,1,1.70294,1.2707,0.432242,0.92,4
sympleharmonic,1,3,10000,1000,1,1,1.70577,1.27447,0.431299,0.917222,4
sympleharmonic,1,3,10000,1000,1,1,1.88611,1.51493,0.371184,0.641778,4
sympleharmonic,1,3,10000,1000,1,1,1.88664,1.51563,0.371008,0.634556,4
sympleharmonic,1,3,10000,1000,1,1,1.8653,1.48718,0.378122,0.623556,4
sympleharmonic,1,3,10000,1000,1,1,1.92318,1.56435,0.358829,0.634222,4
sympleharmonic,1,3,10000,1000,1,1,1.85318,1.47102,0.382161,0.628222,4
sympleharmonic,1,3,10000,1000,1,1,1.85901,1.47879,0.38022,0.365778,4
sympleharmonic,1,3,10000,1000,1,1,1.87413,1.49895,0.375179,0.357111,4
sympleharmonic,1,3,10000,1000,1,1,1.86306,1.4842,0.378868,0.345222,4
sympleharmonic,1,3,10000,1000,1,1,1.89944,1.53269,0.366743,0.360778,4
sympleharmonic,1,3,10000,1000,1,1,1.92033,1.56054,0.35978,0.349111,4
sympleharmonic,1,3,100000,10000,1,1,2.13124,1.84167,0.289574,0.993167,40
sympleharmonic,1,3,100000,10000,1,1,2.22215,1.96288,0.259272,0.993833,40
sympleharmonic,1,3,100000,10000,1,1,2.009,1.67868,0.330323,0.992822,40
sympleharmonic,1,3,100000,10000,1,1,1.11283,0.483778,0.629047,0.9893,40
sympleharmonic,1,3,100000,10000,1,1,1.9361,1.58148,0.354622,0.992689,40
sympleharmonic,1,3,100000,10000,1,1,1.85249,1.47,0.382493,0.922967,41
sympleharmonic,1,3,100000,10000,1,1,1.83414,1.44553,0.388609,0.923811,40
sympleharmonic,1,3,100000,10000,1,1,1.84219,1.45626,0.385927,0.922978,44
sympleharmonic,1,3,100000,10000,1,1,1.86402,1.48538,0.378648,0.923289,41
sympleharmonic,1,3,100000,10000,1,1,1.87764,1.50352,0.374111,0.9231,40
sympleharmonic,1,3,100000,10000,1,1,1.90059,1.53413,0.36646,0.632533,42
sympleharmonic,1,3,100000,10000,1,1,1.87267,1.49691,0.375765,0.636311,42
sympleharmonic,1,3,100000,10000,1,1,1.86897,1.49197,0.377,0.635811,42
sympleharmonic,1,3,100000,10000,1,1,1.88844,1.51793,0.370508,0.634311,42
sympleharmonic,1,3,100000,10000,1,1,1.87862,1.50483,0.373784,0.6352,42
sympleharmonic,1,3,100000,10000,1,1,1.87681,1.50242,0.374387,0.3544,44
sympleharmonic,1,3,100000,10000,1,1,1.85428,1.47238,0.381897,0.356678,43
sympleharmonic,1,3,100000,10000,1,1,1.86273,1.48365,0.379078,0.354078,43
sympleharmonic,1,3,100000,10000,1,1,1.86942,1.49257,0.37685,0.3533,43
sympleharmonic,1,3,100000,10000,1,1,1.86208,1.48278,0.379296,0.354656,43
sympleharmonic,1,3,1000000,100000,1,1,1.69173,1.25564,0.43609,0.991716,404
sympleharmonic,1,3,1000000,100000,1,1,1.91379,1.55172,0.36207,0.992464,403
sympleharmonic,1,3,1000000,100000,1,1,2.01621,1.68828,0.327928,0.992794,403
sympleharmonic,1,3,1000000,100000,1,1,1.87938,1.50585,0.373537,0.992234,407
sympleharmonic,1,3,1000000,100000,1,1,1.79309,1.39079,0.402302,0.992316,404
sympleharmonic,1,3,1000000,100000,1,1,1.85574,1.47432,0.381419,0.922963,408
sympleharmonic,1,3,1000000,100000,1,1,1.8684,1.4912,0.3772,0.923423,431
sympleharmonic,1,3,1000000,100000,1,1,1.88529,1.51372,0.371569,0.92392,406
sympleharmonic,1,3,1000000,100000,1,1,1.87918,1.50558,0.373605,0.923787,408
sympleharmonic,1,3,1000000,100000,1,1,1.86314,1.48418,0.378954,0.923526,406
sympleharmonic,1,3,1000000,100000,1,1,1.87687,1.5025,0.374374,0.634532,424
sympleharmonic,1,3,1000000,100000,1,1,1.87085,1.49447,0.376381,0.633664,423
sympleharmonic,1,3,1000000,100000,1,1,1.87242,1.49656,0.375858,0.634031,423
sympleharmonic,1,3,1000000,100000,1,1,1.87255,1.49673,0.375816,0.63395,421
sympleharmonic,1,3,1000000,100000,1,1,1.87151,1.49534,0.376164,0.633519,423
sympleharmonic,1,3,1000000,100000,1,1,1.87674,1.50232,0.37442,0.355199,457
sympleharmonic,1,3,1000000,100000,1,1,1.87643,1.50191,0.374521,0.354013,435
sympleharmonic,1,3,1000000,100000,1,1,1.87634,1.50179,0.374551,0.353946,456
sympleharmonic,1,3,1000000,100000,1,1,1.8741,1.4988,0.375298,0.353791,448
sympleharmonic,1,3,1000000,100000,1,1,1.8726,1.49679,0.3758,0.354781,435
sympleharmonic,1,3,10000000,1e+06,1,1,1.83799,1.45066,0.387335,0.99225,4038
sympleharmonic,1,3,10000000,1e+06,1,1,1.80238,1.40318,0.399206,0.992125,4143
sympleharmonic,1,3,10000000,1e+06,1,1,1.8727,1.49694,0.375766,0.992289,4153
sympleharmonic,1,3,10000000,1e+06,1,1,1.82314,1.43085,0.392287,0.992154,4019
sympleharmonic,1,3,10000000,1e+06,1,1,1.94347,1.5913,0.352175,0.992557,4066
sympleharmonic,1,3,10000000,1e+06,1,1,1.86962,1.49282,0.376794,0.923359,4053
sympleharmonic,1,3,10000000,1e+06,1,1,1.88392,1.5119,0.372025,0.923702,4103
sympleharmonic,1,3,10000000,1e+06,1,1,1.87505,1.50007,0.374983,0.923547,4184
sympleharmonic,1,3,10000000,1e+06,1,1,1.87849,1.50465,0.373837,0.92368,4086
sympleharmonic,1,3,10000000,1e+06,1,1,1.87991,1.50655,0.373363,0.923509,4118
sympleharmonic,1,3,10000000,1e+06,1,1,1.87348,1.49797,0.375507,0.634056,4228
sympleharmonic,1,3,10000000,1e+06,1,1,1.8764,1.50186,0.374534,0.634069,4253
sympleharmonic,1,3,10000000,1e+06,1,1,1.87464,1.49952,0.37512,0.634199,4231
sympleharmonic,1,3,10000000,1e+06,1,1,1.87528,1.50037,0.374907,0.634062,4221
sympleharmonic,1,3,10000000,1e+06,1,1,1.87526,1.50035,0.374913,0.63401,4271
sympleharmonic,1,3,10000000,1e+06,1,1,1.875,1.5,0.374999,0.354361,4491
sympleharmonic,1,3,10000000,1e+06,1,1,1.87614,1.50152,0.374619,0.354346,4379
sympleharmonic,1,3,10000000,1e+06,1,1,1.87547,1.50062,0.374844,0.35456,4489
sympleharmonic,1,3,10000000,1e+06,1,1,1.87428,1.49904,0.375241,0.354625,4380
sympleharmonic,1,3,10000000,1e+06,1,1,1.87574,1.50098,0.374754,0.354667,4373
sympleharmonic,1,3,100,10,1,1,2.07136,1.77293,0.298434,0.988889,0
sympleharmonic,1,3,100,10,1,1,0.0993641,-0.856403,0.955768,0.988889,0
sympleharmonic,1,3,100,10,1,1,1.68458,1.25722,0.427361,0.988889,0
sympleharmonic,1,3,100,10,1,1,2.25979,2.02416,0.235626,0.988889,0
sympleharmonic,1,3,100,10,1,1,1.61111,1.15925,0.451854,0.988889,0
sympleharmonic,1,3,100,10,1,1,1.75981,1.35752,0.402286,0.966667,0
sympleharmonic,1,3,100,10,1,1,1.50991,1.02432,0.485586,0.9,0
sympleharmonic,1,3,100,10,1,1,1.95549,1.61843,0.33706,0.977778,0
sympleharmonic,1,3,100,10,1,1,1.92127,1.5728,0.348467,0.955556,0
sympleharmonic,1,3,100,10,1,1,2.1162,1.83271,0.283489,0.922222,0
sympleharmonic,1,3,100,10,1,1,1.68661,1.25992,0.426686,0.577778,0
sympleharmonic,1,3,100,10,1,1,2.11786,1.83493,0.282934,0.488889,0
sympleharmonic,1,3,100,10,1,1,1.91274,1.56143,0.351308,0.611111,0
sympleharmonic,1,3,100,10,1,1,1.78179,1.38683,0.394959,0.5,0
sympleharmonic,1,3,100,10,1,1,1.76236,1.36092,0.401436,0.611111,0
sympleharmonic,1,3,100,10,1,1,2.35879,2.15617,0.202624,0.122222,0
sympleharmonic,1,3,100,10,1,1,1.78637,1.39293,0.393433,0.188889,0
sympleharmonic,1,3,100,10,1,1,2.50694,2.3537,0.153241,0.122222,0
sympleharmonic,1,3,100,10,1,1,1.9388,1.59618,0.342621,0.166667,0
sympleharmonic,1,3,100,10,1,1,2.3397,2.13071,0.208988,0.0888889,0
sympleharmonic,1,3,1000,100,1,1,1.55202,1.07047,0.48155,0.995556,0
sympleharmonic,1,3,1000,100,1,1,1.72059,1.29523,0.42536,0.995556,0
sympleharmonic,1,3,1000,100,1,1,1.80156,1.40319,0.398369,0.998889,0
sympleharmonic,1,3,1000,100,1,1,1.87257,1.49787,0.374698,0.998889,0
sympleharmonic,1,3,1000,100,1,1,1.92138,1.56296,0.358427,0.996667,0
sympleharmonic,1,3,1000,100,1,1,1.83345,1.44571,0.38774,0.946667,0
sympleharmonic,1,3,1000,100,1,1,1.81658,1.42322,0.393362,0.953333,0
sympleharmonic,1,3,1000,100,1,1,1.88365,1.51264,0.371006,0.948889,0
sympleharmonic,1,3,1000,100,1,1,1.87837,1.50561,0.372764,0.951111,0
sympleharmonic,1,3,1000,100,1,1,1.76631,1.35619,0.410118,0.961111,0
sympleharmonic,1,3,1000,100,1,1,1.88386,1.51292,0.370936,0.537778,0
sympleharmonic,1,3,1000,100,1,1,1.80944,1.4137,0.395741,0.575556,0
sympleharmonic,1,3,1000,100,1,1,1.8343,1.44685,0.387455,0.614444,0
sympleharmonic,1,3,1000,100,1,1,1.99016,1.65465,0.335503,0.545556,0
sympleharmonic,1,3,1000,100,1,1,1.79988,1.40095,0.398929,0.593333,0
sympleharmonic,1,3,1000,100,1,1,1.97573,1.63542,0.340311,0.165556,0
sympleharmonic,1,3,1000,100,1,1,1.80235,1.40424,0.398107,0.162222,0
sympleharmonic,1,3,1000,100,1,1,1.9307,1.57537,0.355324,0.191111,0
sympleharmonic,1,3,1000,100,1,1,1.91278,1.55149,0.361295,0.204444,0
sympleharmonic,1,3,1000,100,1,1,1.90041,1.53498,0.36542,0.161111,0
sympleharmonic,1,3,10000,1000,1,1,1.7865,1.38211,0.40439,0.999111,8
sympleharmonic,1,3,10000,1000,1,1,1.91518,1.55368,0.361496,0.998667,8
sympleharmonic,1,3,10000,1000,1,1,1.79133,1.38856,0.402778,0.998556,8
sympleharmonic,1,3,10000,1000,1,1,1.80327,1.40448,0.398797,0.998889,8
sympleharmonic,1,3,10000,1000,1,1,1.88063,1.50762,0.373011,0.999222,8
sympleharmonic,1,3,10000,1000,1,1,1.87478,1.49982,0.374963,0.956556,8
sympleharmonic,1,3,10000,1000,1,1,1.87215,1.49631,0.375839,0.962,8
sympleharmonic,1,3,10000,1000,1,1,1.85879,1.4785,0.380291,0.955556,8
sympleharmonic,1,3,10000,1000,1,1,1.8835,1.51145,0.372054,0.961556,8
sympleharmonic,1,3,10000,1000,1,1,1.88064,1.50763,0.373009,0.961667,8
sympleharmonic,1,3,10000,1000,1,1,1.86454,1.48617,0.378375,0.582556,8
sympleharmonic,1,3,10000,1000,1,1,1.86278,1.48382,0.378963,0.577556,8
sympleharmonic,1,3,10000,1000,1,1,1.87778,1.50382,0.373962,0.581111,9
sympleharmonic,1,3,10000,1000,1,1,1.84866,1.46499,0.38367,0.590444,9
sympleharmonic,1,3,10000,1000,1,1,1.8885,1.51811,0.370389,0.574444,8
sympleharmonic,1,3,10000,1000,1,1,1.8307,1.44105,0.389655,0.177444,8
sympleharmonic,1,3,10000,1000,1,1,1.86457,1.4862,0.378366,0.183556,8
sympleharmonic,1,3,10000,1000,1,1,1.90051,1.53413,0.366384,0.183778,8
sympleharmonic,1,3,10000,1000,1,1,1.84257,1.45687,0.3857,0.179889,9
sympleharmonic,1,3,10000,1000,1,1,1.81773,1.42376,0.393978,0.191444,8
sympleharmonic,1,3,100000,10000,1,1,1.87791,1.5039,0.374017,0.998733,93
sympleharmonic,1,3,100000,10000,1,1,1.89901,1.53203,0.366984,0.998633,81
sympleharmonic,1,3,100000,10000,1,1,1.88046,1.50729,0.373169,0.998878,81
sympleharmonic,1,3,100000,10000,1,1,1.85357,1.47143,0.382133,0.998689,81
sympleharmonic,1,3,100000,10000,1,1,1.86122,1.48164,0.379583,0.998578,81
sympleharmonic,1,3,100000,10000,1,1,1.87466,1.49956,0.375101,0.960333,82
sympleharmonic,1,3,100000,10000,1,1,1.88389,1.51186,0.372026,0.959522,82
sympleharmonic,1,3,100000,10000,1,1,1.88378,1.51172,0.372062,0.961144,81
sympleharmonic,1,3,100000,10000,1,1,1.86781,1.49043,0.377385,0.960344,81
sympleharmonic,1,3,100000,10000,1,1,1.86448,1.48598,0.378496,0.960311,81
sympleharmonic,1,3,100000,10000,1,1,1.87856,1.50476,0.373801,0.582622,83
sympleharmonic,1,3,100000,10000,1,1,1.87062,1.49417,0.376449,0.583144,83
sympleharmonic,1,3,100000,10000,1,1,1.87742,1.50324,0.374183,0.586144,83
sympleharmonic,1,3,100000,10000,1,1,1.87027,1.49371,0.376565,0.5854,85
sympleharmonic,1,3,100000,10000,1,1,1.86985,1.49315,0.376705,0.584933,83
sympleharmonic,1,3,100000,10000,1,1,1.86773,1.49032,0.377413,0.184144,85
sympleharmonic,1,3,100000,10000,1,1,1.87411,1.49882,0.375286,0.180778,85
sympleharmonic,1,3,100000,10000,1,1,1.88106,1.50809,0.37297,0.181578,86
sympleharmonic,1,3,100000,10000,1,1,1.87208,1.49612,0.375961,0.181244,85
sympleharmonic,1,3,100000,10000,1,1,1.86112,1.48151,0.379615,0.1831,85
sympleharmonic,1,3,1000000,100000,1,1,1.86766,1.49021,0.377446,0.998722,810
sympleharmonic,1,3,1000000,100000,1,1,1.88459,1.51279,0.371801,0.998721,810
sympleharmonic,1,3,1000000,100000,1,1,1.87715,1.50287,0.374282,0.998804,812
sympleharmonic,1,3,1000000,100000,1,1,1.87054,1.49405,0.376487,0.998726,810
sympleharmonic,1,3,1000000,100000,1,1,1.87235,1.49647,0.375881,0.998684,816
sympleharmonic,1,3,1000000,100000,1,1,1.87474,1.49966,0.375084,0.959654,814
sympleharmonic,1,3,1000000,100000,1,1,1.87554,1.50072,0.374819,0.959984,814
sympleharmonic,1,3,1000000,100000,1,1,1.87429,1.49905,0.375236,0.959741,811
sympleharmonic,1,3,1000000,100000,1,1,1.87341,1.49788,0.37553,0.959768,816
sympleharmonic,1,3,1000000,100000,1,1,1.87578,1.50104,0.374738,0.959491,815
sympleharmonic,1,3,1000000,100000,1,1,1.87401,1.49868,0.37533,0.583746,831
sympleharmonic,1,3,1000000,100000,1,1,1.87682,1.50243,0.374391,0.583066,832
sympleharmonic,1,3,1000000,100000,1,1,1.87744,1.50325,0.374187,0.582763,836
sympleharmonic,1,3,1000000,100000,1,1,1.87383,1.49844,0.375389,0.583419,831
sympleharmonic,1,3,1000000,100000,1,1,1.87191,1.49588,0.376029,0.583994,833
sympleharmonic,1,3,1000000,100000,1,1,1.87358,1.49811,0.375471,0.182076,852
sympleharmonic,1,3,1000000,100000,1,1,1.87029,1.49372,0.376569,0.181649,855
sympleharmonic,1,3,1000000,100000,1,1,1.87241,1.49654,0.375864,0.181872,889
sympleharmonic,1,3,1000000,100000,1,1,1.88274,1.51032,0.372419,0.180589,1063
sympleharmonic,1,3,1000000,100000,1,1,1.87535,1.50046,0.374884,0.181278,925
sympleharmonic,1,3,10000000,1e+06,1,1,1.87364,1.49819,0.375452,0.998729,8943
sympleharmonic,1,3,10000000,1e+06,1,1,1.87703,1.5027,0.374324,0.998736,8272
sympleharmonic,1,3,10000000,1e+06,1,1,1.8748,1.49973,0.375068,0.998705,8099
sympleharmonic,1,3,10000000,1e+06,1,1,1.87329,1.49772,0.37557,0.998721,8118
sympleharmonic,1,3,10000000,1e+06,1,1,1.87569,1.50092,0.37477,0.998726,8397
sympleharmonic,1,3,10000000,1e+06,1,1,1.87445,1.49927,0.375182,0.959713,8205
sympleharmonic,1,3,10000000,1e+06,1,1,1.87585,1.50114,0.374716,0.959799,8953
sympleharmonic,1,3,10000000,1e+06,1,1,1.87437,1.49917,0.375208,0.959703,8722
sympleharmonic,1,3,10000000,1e+06,1,1,1.87491,1.49988,0.37503,0.959727,8431
sympleharmonic,1,3,10000000,1e+06,1,1,1.87433,1.4991,0.375224,0.959737,8132
sympleharmonic,1,3,10000000,1e+06,1,1,1.8748,1.49973,0.375067,0.583785,8852
sympleharmonic,1,3,10000000,1e+06,1,1,1.87446,1.49929,0.375179,0.583785,8376
sympleharmonic,1,3,10000000,1e+06,1,1,1.87517,1.50022,0.374944,0.583582,8797
sympleharmonic,1,3,10000000,1e+06,1,1,1.8751,1.50014,0.374966,0.583632,8504
sympleharmonic,1,3,10000000,1e+06,1,1,1.87452,1.49936,0.375161,0.583596,8520
sympleharmonic,1,3,10000000,1e+06,1,1,1.87333,1.49778,0.375555,0.181656,8704
sympleharmonic,1,3,10000000,1e+06,1,1,1.87406,1.49874,0.375314,0.181738,8635
sympleharmonic,1,3,10000000,1e+06,1,1,1.87536,1.50047,0.374881,0.181597,8611
sympleharmonic,1,3,10000000,1e+06,1,1,1.87487,1.49983,0.375043,0.181604,8665
sympleharmonic,1,3,10000000,1e+06,1,1,1.87101,1.49468,0.37633,0.182099,8588
sympleharmonic,100,3,10000,1000,2,2,72.5934,37.4374,35.156,0.864556,132
sympleharmonic,100,3,10000,1000,0.5,2,149.983,86.2558,63.7276,0.949333,19
sympleharmonic,100,3,10000,5000,0.5,2,149.97,83.0939,66.8761,0.9478,18
sympleharmonic,100,3,10000,1000,0.5,2,149.983,69.3541,80.6292,0.729,23
sympleharmonic,100,3,10000,1000,0.5,2,149.983,73.9068,76.0765,0.500889,25
sympleharmonic,100,3,1000000,100000,0.5,2,150,75.3036,74.6962,0.50436,1716
sympleharmonic,100,3,1000000,100000,0.5,2,150,75.3036,74.6962,0.50436,1592
sympleharmonic,100,3,1000000,100000,0.6,2,152.633,90.4341,62.1984,0.466384,1640
sympleharmonic,100,3,1000000,100000,0.6,2,152.633,90.4341,62.1984,0.466384,1899
sympleharmonic,100,3,1000000,100000,0.6,2,152.633,90.4341,62.1984,0.466384,2159
sympleharmonic,100,3,1000000,100000,0.6,2,152.58,90.2637,62.3168,0.466831,1915
sympleharmonic,100,3,1000000,100000,0.6,2,152.58,90.2637,62.3168,0.466831,1896
sympleharmonic,100,3,1000000,100000,0.6,2,152.58,90.2637,62.3168,0.466831,1628
sympleharmonic,100,3,1000000,100000,0.6,2,152.58,90.2637,62.3168,0.466831,1798
sympleharmonic,10,3,1000000,100000,2,2,31.8949,30.0212,1.87367,0.891622,10936
sympleharmonic,10,3,1000000,100000,1,2,18.6834,14.9112,3.77219,0.92299,10865
sympleharmonic,10,3,1000000,100000,0.6,2,15.2358,8.95366,6.28217,0.940083,10572
sympleharmonic,10,3,100000,10000,1,2,18.9757,15.301,3.67466,0.925756,1279
sympleharmonic,10,3,1000000,100000,1,2,18.6834,14.9112,3.77219,0.92299,12422
sympleharmonic,10,3,60000000,6e+06,1,2,18.7303,14.9738,3.75655,0.923434,706507
sympleharmonic,10,3,60000,6000,1,2,18.7293,14.9725,3.75673,0.959259,737
sympleharmonic,10,3,60000,6000,1,2,18.7293,14.9725,3.75673,0.959259,667
sympleharmonic,10,3,100000,10000,1,2,18.7734,15.0313,3.7421,0.920989,1007
sympleharmonic,10,3,100000,10000,1,2,18.7284,14.9713,3.7571,0.960022,1049
sympleharmonic,10,3,1000000,100000,1,2,18.7307,14.9742,3.75643,0.959603,10703
sympleharmonic,10,3,10000000,1e+06,1,2,18.7514,15.0019,3.74953,0.959751,108722
sympleharmonic,10,3,1000000,100000,1,2,18.7307,14.9742,3.75643,0.959603,1210
sympleharmonic,10,3,10000000,1e+06,1,2,18.7514,15.0019,3.74953,0.959751,12566
sympleharmonic,10,3,10000000,1e+06,1,2,18.7588,15.0117,3.74708,0.959727,12722
sympleharmonic,10,3,10000000,1e+06,1,2,18.757,15.0093,3.74767,0.959788,12056
sympleharmonic,10,3,10000000,1e+06,1,2,18.7581,15.0107,3.74731,0.959794,12239
sympleharmonic,10,3,10000000,1e+06,1,2,18.7612,15.015,3.74625,0.959738,12642
sympleharmonic,10,3,10000000,1e+06,1,2,18.7612,15.015,3.74625,0.959738,11900
sympleharmonic,10,3,100000,10000,1,2,18.7909,15.0547,3.73624,0.582378,177
sympleharmonic,10,3,100000,50000,1,2,18.9326,15.2436,3.68894,0.95962,128
sympleharmonic,10,3,16777216,8.38861e+06,1,2,18.7574,15.0098,3.74754,0.95979,16086
